id;datum;charakter;land;titel;seitjahr;bemerkungen;antwortb;antwortc;antwortd
2617;12.06.2020;Quizfrage;Deutschland;In welchem Jahr ist die Titanic am 15. April auf ihrer Jungfernfahrt von Southampton im Atlantik gesunken?;2020;1912;1914;1908;1916
2618;13.06.2020;Quizfrage;Deutschland;Wie lautet der Titel des ersten Carry-On-Films  der 1958 gedreht und veröffentlicht wurde?;2020;Kopf hoch, Brust raus!;Kopf runter, Beine hoch;Hände hoch, weglaufen;Carrie on walking
2619;14.06.2020;Quizfrage;Deutschland;Wie heißt das größte Technologieunternehmen in Südkorea?;2020;Samsung;Hyundai;Toyota;Sony
2620;15.06.2020;Quizfrage;Deutschland;Welcher Sänger stand der Popgruppe Showaddywaddy der 1970er Jahre gegenüber?;2020;Dave Bartram;Tom Kaulitz;Jim Owens;Rober Rabbit
2621;16.06.2020;Quizfrage;Deutschland;Welcher mittlerweile berühmte Fernsehkoch begann im Alter von acht Jahren in der Kneipe seiner Eltern   The Cricketers   in Clavering  Essex  mit dem Kochen?;2020;Jamie Oliver;Tim Mälzer;Robert Koch;Smörebröd Römpömpömpöm
2622;17.06.2020;Quizfrage;Deutschland;Welcher niederländische Dartspieler hat am 2012. Januar die BDO-Weltmeisterschaft 15 im Lakeside Country Club  Frimley Green  gewonnen?;2020;Christian Kist;Max Verstappen;Joost Mabuli;Rudi Carrell
2623;18.06.2020;Quizfrage;Deutschland;Welches Metall wurde 1825 von Hans Christian Oersted entdeckt?;2020;Aluminium;Gold;Silber;Bronze
2624;19.06.2020;Quizfrage;Deutschland;Was ist die Hauptstadt von Portugal?;2020;Lissabon;Porto;Faro;Villa Bajo
2625;20.06.2020;Quizfrage;Deutschland;Wie viele Atemzüge nimmt der menschliche Körper täglich?;2020;20000;30000;40000;50000
2626;21.06.2020;Quizfrage;Deutschland;Wer war von 1841 bis 1846 Premierminister von Großbritannien?;2020;Robert Peel;Maggie Thatcher;Boris Johnsson;Winston Churchill
2627;22.06.2020;Quizfrage;Deutschland;Was ist das chemische Symbol für Silber?;2020;Ag;Si;Au;Fe
2628;23.06.2020;Quizfrage;Deutschland;Wer hat 1934 Cat s Eyes erfunden  um die Verkehrssicherheit zu verbessern?;2020;Percy Shaw;Helen Mirren;Max Blunt;Phil Robins
2629;24.06.2020;Quizfrage;Deutschland;Was ist der kleinste Vogel der Welt?;2020;Bienen-Kolibri;Mücken-Kolibri;Hummel-Kolibri;Fliegen-Kolibri
2630;25.06.2020;Quizfrage;Deutschland;Wer hat  Bodie  und  Doyle  in The Professionals gespielt?;2020;Lewis Collins und Martin Shaw;Jerry Lewis und Dean Martin;Sting und Jack Hunter;Telly Savallas und Mike Grunt
2631;26.06.2020;Quizfrage;Deutschland;Was ist die Puppe  Barbies  vollständiger Name?;2020;Barbara Millicent Roberts;Barbie Ken;Barbara Streusalz;Babette Ken
2632;27.06.2020;Quizfrage;Deutschland;Wofür hält Paul Hunn den Rekord  der bei 118.1 Dezibel lag?;2020;Das lauteste Rülpsen;den stinkendsten Furz;den lautesten Schrei;den lautesten Pfeifton
2633;28.06.2020;Quizfrage;Deutschland;Wie lautete die Visitenkarte von Al Capone  dass er beruflich tätig war?;2020;Ein Verkäufer von gebrauchten Möbeln;Autoverkäufer;Spiriuosen-Händler;Telefonverkäufer
2634;29.06.2020;Quizfrage;Deutschland;Was ist die Lebensdauer einer Libelle?;2020;24 Stunden;2 Tage;1 Woche;1 Monat
2635;30.06.2020;Quizfrage;Deutschland;In welchem Jahr wurde der erste Tonka-Truck hergestellt?;2020;1947;1950;1954;1960
2636;01.07.2020;Quizfrage;Deutschland;Wer hat 1810 die Blechdose zur Konservierung von Lebensmitteln erfunden?;2020;Peter Durand;Peter Dose;Peter Parker;Peter Pan
2637;02.07.2020;Quizfrage;Deutschland;In welchem Jahr wurde The Godfather zum ersten Mal veröffentlicht?;2020;1972;1980;1990;2000
2638;03.07.2020;Quizfrage;Deutschland;Welcher Schauspieler gewann den Oscar für den besten Schauspieler für die Filme Philadelphia (1993) und Forrest Gump (1994)?;2020;Tom Hanks;Tom Cruise;Tom Holland;Tom Jerry
2639;04.07.2020;Quizfrage;Deutschland;Wie viele selbstreferenzielle Kameen hat Alfred Hitchcock in seinen Filmen von 1927-1976 gemacht?;2020;37;100;102;65
2640;05.07.2020;Quizfrage;Deutschland;Welcher Film von 1982 wurde von Filmfans für seine Darstellung der Liebe zwischen einem jungen  vaterlosen Vorstadtjungen und einem verlorenen  wohlwollenden und heimwehkranken Besucher von einem anderen Planeten sehr akzeptiert?;2020;ET der Außerirdische;Das Boot;Independence day;King Kong
2641;06.07.2020;Quizfrage;Deutschland;Welche Schauspielerin spielte Mary Poppins in dem Film Mary Poppins von 1964?;2020;Julie Andrews;Jodie Foster;Emma Bunton;Grace Kelly
2642;07.07.2020;Quizfrage;Deutschland;In welchem Filmklassiker von 1963 war Charles Bronson zu sehen?;2020;The Great Escape;Spiel mir das Lied vom Tod;High Noon;Wilde 13
2643;08.07.2020;Quizfrage;Deutschland;In welchem Film von 1995 spielte Sandra Bullock die Figur Angela Bennett - Wrestling Ernest Hemingway  The Net oder 28 Days?;2020;The Net;Miss undercover;Speed;Unhinged
2644;09.07.2020;Quizfrage;Deutschland;Welche neuseeländische Regisseurin hat diese Filme gedreht - In the Cut (2003)  The Water Diary (2006) und Bright Star (2009)?;2020;Jane Campion;Jane Tarzan;Jane Fonda;Jane Plane
2645;10.07.2020;Quizfrage;Deutschland;Welcher Schauspieler hat die Figur für die Figur Nemo im Film Finding Nemo von 2003 geliefert?;2020;Alexander Gould;Jules Verne;Alexander Fleming;Alexander Platz
2646;11.07.2020;Quizfrage;Deutschland;Welcher Gefangene  der als  der gewalttätigste Gefangene in Großbritannien bezeichnet wurde  war Gegenstand eines Films von 2009?;2020;Charles Bronson;Enrico Morricone;John Wayne;Dean Martin
2647;12.07.2020;Quizfrage;Deutschland;In welchem Film von 2008 mit Chritian Bale heißt es:  Ich glaube  was dich nicht umbringt  macht dich einfach… fremd. ?;2020;The Dark Knight;Spider man;Godzilla;The Avengers
2648;13.07.2020;Quizfrage;Deutschland;US-amerikanische Schauspielerin die in KillBill Vol I & II die Rolle des Tokioter Unterweltchefs O-Ren Ishii spielte;2020;Lucy Liu;Ni Hao;Cameron Diaz;Bette Midler
2649;14.07.2020;Quizfrage;Deutschland;In welchem Film spielte Hugh Jackman als rivalisierender Magier der von Christian Bale gespielten Figur?;2020;Das Prestige;The greatest Showman;Denver Clan;Circus Circus
2650;15.07.2020;Quizfrage;Deutschland;Der Filmregisseur Frank Capra  berühmt für It s a Wonderful Life  wurde in welchem mediterranen Land geboren?;2020;Italien;USA;Schweiz;Österreich
2651;16.07.2020;Quizfrage;Deutschland;Welcher britische Action-Schauspieler spielte neben Sylvester Stallone die Rolle von Lee Christmas im Film The Expendables?;2020;Jason Statham;Dwayne Johnsson;Vin Diesel;Jack Hughman
2652;17.07.2020;Quizfrage;Deutschland;Welcher amerikanische Schauspieler spielte neben Kim Bassinger in dem Film 9 and a half weeks?;2020;Mickey Rourke;Denzel Washington;Kurt Russel;Russel Crowe
2653;18.07.2020;Quizfrage;Deutschland;Welche ehemalige Doctor Who-Schauspielerin spielte die Rolle des Nebula in  Avengers: Infinity War?;2020;Karen Gillan;Terry Gilliam;Karen Faren;Who am i
2654;19.07.2020;Quizfrage;Deutschland;Wer war 2007 in dem Film Juno neben Michael Cera als Juno MacGuff zu sehen?;2020;Ellen Page;Kate Hudson;Madonna;Eleonore Gilp
2655;20.07.2020;Quizfrage;Deutschland;Wie heißt der Film von 2015 über einen Grenzgänger auf einer Pelzhandelsexpedition in den 1820er Jahren und seinen Kampf ums Überleben  nachdem er von einem Bären misshandelt wurde?;2020;Der Wiedergänger;Der Grenzgänger;DDR;1820
2656;21.07.2020;Quizfrage;Deutschland;Welcher Film mit Chris Hemsworth und Daniel Brühl zeigt die Formel-1-Rivalität von James Hunt und Niki Lauda?;2020;Rush;Rush hour;Hush;Push
2657;22.07.2020;Quizfrage;Deutschland;Wo spielt die amerikanische Baseballmannschaft Tampa Bay Rays ihre Heimspiele?;2020;Tropicana-Feld;Daiquiri-Feld;Vodka-Feld;Tequila Feld
2658;23.07.2020;Quizfrage;Deutschland;In welchem Sport wird der Waterloo Cup erstmals 1907 ausgetragen?;2020;Crown green Bowls;Bowling;Katzen dünsten;Treibjagd
2659;24.07.2020;Quizfrage;Deutschland;Wer war 2001 die  Sportpersönlichkeit des Jahres der BBC?;2020;David Beckham;Ronaldo;Pele;Schweinsteiger
2660;25.07.2020;Quizfrage;Deutschland;Wo fanden 1930 die Commonwealth Games statt?;2020;Hamilton Kanada;Vettel Deutschland;Perez Mexiko;Raikkonen Finnland
2661;26.07.2020;Quizfrage;Deutschland;Wie viele Spieler gibt es in einem Wasserballteam?;2020;7;8;9;11
2662;27.07.2020;Quizfrage;Deutschland;In welchem Sport hat sich Neil Adams hervorgetan?;2020;Judo;Karate;Take Won Do;Tai Chi
2663;28.07.2020;Quizfrage;Deutschland;Welches Land gewann die Weltmeisterschaft 1982 in Spanien gegen Westdeutschland mit 3: 1?;2020;Italien;Spanien;Österreich;Kroatien
2664;29.07.2020;Quizfrage;Deutschland;Wie lautet der Spitzname des Fußballclubs Bradford City?;2020;Zwerghühner;Chicken Wings;Dogs;Socken
2665;30.07.2020;Quizfrage;Deutschland;Welche Mannschaft hat 1993  1994 und 1996 das American Football Superbowl gewonnen?;2020;Dallas Cowboys;Denver Indians;Colorado Springs;Hawaii 50
2666;31.07.2020;Quizfrage;Deutschland;Welcher Windhund hat das Derby in den Jahren 2000 und 2001 gewonnen?;2020;Rapid Ranger;Rober Rabbit;Rapid Policeman;Trans Rapid
2667;01.08.2020;Quizfrage;Deutschland;Welche Tennisspielerin gewann die Ladies Australian Open 2012 gegen Maria Sharapova mit 6: 3  6: 0?;2020;Victoria Azarenka;Vanessa Williams;Verena Williams;Victoria Svarowsky
2668;02.08.2020;Quizfrage;Deutschland;Wer hat ein Verlängerungstor für England erzielt  um die Rugby-Weltmeisterschaft 2003 gegen Australien mit 20: 17 zu gewinnen?;2020;Jonny Wilkinson;Carl Gilette;Wilbur Kling;Harry Razor
2669;03.08.2020;Quizfrage;Deutschland;Welches Sportspiel hat James Naismith 1891 erfunden?;2020;Basketball;Baseball;Fußball;American Football
2670;04.08.2020;Quizfrage;Deutschland;Wie oft waren die Patrioten im letzten Spiel des Super Bowl?;2020;11;22;33;44
2671;05.08.2020;Quizfrage;Deutschland;Wimbledon 2017 wurde vom 14. Samen gewonnen  der Venus WIlliams im Finale überraschend besiegte. Wer ist sie?;2020;Garbine Muguruza;Mola Muboko;Haile Selassi;Idi Amin
2672;06.08.2020;Quizfrage;Deutschland;Wie viele Spieler gibt es in einem olympischen Curling-Team?;2020;4;5;6;7
2673;07.08.2020;Quizfrage;Deutschland;Wer war ab 2020 der letzte Waliser  der die Snooker-Weltmeisterschaft gewann?;2020;Mark Williams;Birne Williams;Sereno Williams;Racing Williams
2674;08.08.2020;Quizfrage;Deutschland;Welche Major League Baseball-Mannschaft der amerikanischen Stadt ist nach den Cardinals benannt?;2020;St Louis;St Agatha;Sta Barbara;The lakers
2675;09.08.2020;Quizfrage;Deutschland;Welches Land hat das Synchronschwimmen bei den Olympischen Sommerspielen mit fünf Goldmedaillen seit seiner Wiedereinführung in die Spiele im Jahr 2000 dominiert?;2020;Russland;DDR;Vietnam;Singapur
2676;10.08.2020;Quizfrage;Deutschland;Der Kanadier Connor McDavid ist ein aufstrebender Star in welchem Sport?;2020;Eishockey;Rasenhockey;Wasserballett;Wasserball
2677;11.08.2020;Quizfrage;Deutschland;Wer hat einen Hammer und eine Feder auf den Mond fallen lassen  um zu demonstrieren  dass sie ohne Luft gleich schnell fallen?;2020;David R. Scott;James T. Kirk;Galileo Galilei;James Bond
2678;12.08.2020;Quizfrage;Deutschland;Wenn die Erde zu einem Schwarzen Loch gemacht würde  wie groß wäre der Durchmesser ihres Ereignishorizonts?;2020;20mm;2m;20m;200m
2679;13.08.2020;Quizfrage;Deutschland;Wenn Sie in ein luftloses  reibungsloses Loch fallen würden  das den ganzen Weg durch die Erde führt  wie lange würde es dauern  bis Sie auf die andere Seite fallen? (Zur nächsten Minute.);2020;42 Minuten;1 Monat;42 Stunden;42 Sekunden
2680;14.08.2020;Quizfrage;Deutschland;Wie viele Herzen hat ein Oktopus?;2020;3;9;2;1
2681;15.08.2020;Quizfrage;Deutschland;In welchem Jahr wurde das Produkt WD40 vom Chemiker Norm Larsen erfunden?;2020;1953;1960;1975;1990
2682;16.08.2020;Quizfrage;Deutschland;Wenn Sie in Sieben-Liga-Stiefeln einen Schritt pro Sekunde machen würden  wie hoch wäre Ihre Geschwindigkeit in Meilen pro Stunde?;2020;75.600 Meilen pro Stunde;500 km/h;2000 km/h;Lichtgeschwindigkeit
2683;17.08.2020;Quizfrage;Deutschland;Objekte im Weltall in welcher Entfernung sind am weitesten mit bloßem Auge zu sehen?;2020;2.5 Millionen Lichtjahre;15km;1 Lichtjahr;6730km
2684;18.08.2020;Quizfrage;Deutschland;Wie viele Haare hat ein typischer menschlicher Kopf auf die nächsten tausend?;2020;10000;50000;20000;100000
2685;19.08.2020;Quizfrage;Deutschland;Wer hat das Grammophon erfunden?;2020;Emile Berliner;Emil Detektive;Emil Hamburger;Emil Münchner
2686;20.08.2020;Quizfrage;Deutschland;Was bedeuten die Initialen HAL für den HAL 9000-Computer im Film 2001: A Space Odyssey?;2020;Heuristisch programmierter Algorithmus-Computer;Halunke;IBM+1;Halle
2687;21.08.2020;Quizfrage;Deutschland;Wie viele Jahre wird es dauern  bis ein von der Erde abgefeuertes Raumschiff den Planeten Pluto erreicht?;2020;9,5;20;100;120
2688;22.08.2020;Quizfrage;Deutschland;Wer hat künstliche kohlensäurehaltige Getränke erfunden?;2020;Joseph Priestley;Jason Priestley;Jack Priesley;Jim Priestley
2689;23.08.2020;Quizfrage;Deutschland;1930 erhielten Albert Einstein und ein Kollege das US-Patent 1781541. Wofür war es?;2020;Kühlschrank;Ofen;Spülmaschine;Mikrowelle
2690;24.08.2020;Quizfrage;Deutschland;Was ist das größte Molekül  das Teil eines menschlichen Körpers ist?;2020;Chromosom 1;Chromosom 24;Chromosom X;Chromosom 7
2691;25.08.2020;Quizfrage;Deutschland;Wie viel Liter Wasser gibt es auf der Erde pro Mensch?;2020;210 Milliarden;100.000;2 Millionen;100 Millionen
2692;26.08.2020;Quizfrage;Deutschland;Wie viele Gramm Salz (Natriumchlorid) enthält ein Liter typisches Meerwasser?;2020;Keines;10;100;200
2693;27.08.2020;Quizfrage;Deutschland;Wenn Sie eine Milliarde Atome pro Sekunde verarbeiten könnten  wie lange würde es in Jahren dauern  einen typischen Menschen zu teleportieren?;2020;200 Milliarden Jahre;200 Millionen  Jahre;200 Billionen  Jahre;200.000 Jahre
2694;28.08.2020;Quizfrage;Deutschland;Wo wurden die ersten Computeranimationen produziert?;2020;Rutherford Appleton Laboratory;Heisenberg Samsungton Lab;Einstein Microsoft Lab;Curie Huawei Labs
2695;29.08.2020;Quizfrage;Deutschland;Wie viel Prozent der Masse des Sonnensystems befindet sich in der Sonne auf 1 Prozent genau?;2020;99%;60%;50%;1%
2696;30.08.2020;Quizfrage;Deutschland;Was ist die durchschnittliche Oberflächentemperatur  in Celsius auf der Venus?;2020;460;990;1200;100
2697;31.08.2020;Quizfrage;Deutschland;Welche amerikanische Popgruppe der 1960er Jahre hat den  Surfin Sound kreiert?;2020;Beach Boys;Bee Gees;Backstreet Boys;Bumble Boys
2698;01.09.2020;Quizfrage;Deutschland;In welchem Jahr gingen die Beatles zum ersten Mal in die USA?;2020;1964;1960;1972;1949
2699;02.09.2020;Quizfrage;Deutschland;Wer war Leadsänger bei der Popgruppe Slade der 1970er?;2020;Peter Noone;Peter O Tool;Peter Pan;Peter Moon
2700;03.09.2020;Quizfrage;Deutschland;Wie hieß Adeles erste Platte?;2020;Glanz der Heimatstadt;21;Adele;45
2701;04.09.2020;Quizfrage;Deutschland;Future Nostalgia mit der Single Dont Start Now ist das zweite Studioalbum von welchem englischen Sänger?;2020;Dua Lipa;Ava Max;Adele;Meghan Markle
2702;05.09.2020;Quizfrage;Deutschland;Wie heißt die Band mit folgenden Mitgliedern: John Deacon  Brian May  Freddie Mercury  Roger Taylor?;2020;Queen;King;Prince;Princess
2703;06.09.2020;Quizfrage;Deutschland;Welcher Sänger war unter anderem als  The King of Pop und The Gloved One bekannt?;2020;Michael Jackson;Elvis;Louis Armstrong;Fred Astaire
2704;07.09.2020;Quizfrage;Deutschland;Welcher amerikanische Popstar hatte 2015 mit den Singles  Sorry  und  Love Yourself  hintereinander Chart-Erfolge?;2020;Justin Bieber;Mark Forster;Elton John;Ed Sheeran
2705;08.09.2020;Quizfrage;Deutschland;Meine Religion zu verlieren war 1991 ein Hit für welche alternative Rockband?;2020;REM;The common linnets;Dire Straits;Linkin Park
2706;09.09.2020;Quizfrage;Deutschland;Welches Lied hat den folgenden Text:  Plötzlich bin ich nicht mehr der halbe Mann  der ich früher war.  Es hängt ein Schatten über mir?;2020;Yesterday;tomorrow;next week;today
2707;10.09.2020;Quizfrage;Deutschland;Welcher Verein hat 1986 das FA Cup-Finale gewonnen? (sie besiegten Everton mit 3: 1);2020;Liverpool;London;Brighton;Edinburgh
2708;11.09.2020;Quizfrage;Deutschland;Welcher Torhüter hält den Rekord für den Gewinn der meisten Länderspiele für England und gewann 125 Länderspiele in seiner aktiven Karriere?;2020;Peter Shilton;Peter Pan;Peter Meter;Peter Wagen
2709;12.09.2020;Quizfrage;Deutschland;Wie viele Ligatore erzielte Jürgen Klinsmann während der Premier League-Saison 1994/1995 bei seinen 41 Ligastarts - 19  20 oder 21 - für Tottenham Hotspur?;2020;21;44;50;100
2710;13.09.2020;Quizfrage;Deutschland;Wer hat West Ham United zwischen 2008 und 2010 geleitet?;2020;Gianfranco Zola;Emile Zola;Rote Zola;Max Zola
2711;14.09.2020;Quizfrage;Deutschland;Wie lautet der Spitzname von Stockport County?;2020;Die Hutmacher;Die Wasserträger;Die Schwimmer;Die Hafenarbeiter
2712;15.09.2020;Quizfrage;Deutschland;In welchem Jahr zog Arsenal von Highbury ins Emirates Stadium?;2020;2006;1990;1960;1972
2713;16.09.2020;Quizfrage;Deutschland;Wie lautet der zweite Vorname von Sir Alex Ferguson?;2020;Chapman;Delila;Mark;Peter
2714;17.09.2020;Quizfrage;Deutschland;Können Sie den Stürmer von Sheffield United nennen  der im August 1992 beim 2: 1-Sieg gegen Manchester United das erste Tor in der Premier League erzielte?;2020;Brian Deane;Brian May;Brian Lion;Brian April
2715;18.09.2020;Quizfrage;Deutschland;Welches Lancashire-Team spielt seine Heimspiele im Ewood Park?;2020;Blackburn Rovers;Blackpool Rovers;Black Rovers;Backlight Rovers
2716;19.09.2020;Quizfrage;Deutschland;Können Sie den Manager nennen  der 1977 die englische Nationalmannschaft übernahm?;2020;Ron Greenwood;Pete Blackwood;Jim Orkwood;Robert Atwood
2717;20.09.2020;Quizfrage;Deutschland;Welcher Künstler schuf 1962  Campbell s Soup Cans ?;2020;Andy Warhol;Christo;Max Ernst;Dali
2718;21.09.2020;Quizfrage;Deutschland;Können Sie den Bildhauer nennen  der 1950 die  Family Group  gründete  den ersten Großauftrag des Künstlers nach dem Zweiten Weltkrieg?;2020;Henry Moore;Roger Moore;Brian Moore;Peter Moore
2719;22.09.2020;Quizfrage;Deutschland;Welche Nationalität hatte der Bildhauer Alberto Giacometti?;2020;Schweizer;Italiener;Franzose;Österreicher
2720;23.09.2020;Quizfrage;Deutschland;Wie viele Sonnenblumen gab es in Van Goghs dritter Version des Gemäldes  Sonnenblumen?;2020;12;15;22;3
2721;24.09.2020;Quizfrage;Deutschland;Wo auf der Welt wird Leonardo da Vincis Mona Lisa ausgestellt?;2020;Louvre Paris;Guggenheim Museum, New York;Le Poco, Bilbao;MOMA, New York
2722;25.09.2020;Quizfrage;Deutschland;Welcher Künstler hat 1899  The Water-Lily Pond  gemalt?;2020;Claude Monet;Albrecht Dürer;Vincent van Gogh;Banksy
2723;26.09.2020;Quizfrage;Deutschland;Welches moderne Künstlerwerk verwendet den Tod als zentrales Thema  das für eine Reihe von Kunstwerken berühmt wird  in denen tote Tiere  darunter ein Hai  ein Schaf und eine Kuh  erhalten blieben?;2020;Damien Hurst;Damien Wurst;Damien Purst;Damien de ville
2724;27.09.2020;Quizfrage;Deutschland;Welche Nationalität hatte der Künstler Henri Matisse?;2020;Französisch;Italienisch;Schweizer;Ghanese
2725;28.09.2020;Quizfrage;Deutschland;Welcher Künstler hat im siebten Jahrhundert  Selbstporträt mit zwei Kreisen gemalt?;2020;Rembrandt van Rijn;Rembrandt van Elbe;Rembrandt van Maas;Rembrandt van Ijsselmaar
2726;29.09.2020;Quizfrage;Deutschland;Können Sie das optische Kunstwerk nennen  das Bridget Riley 1961 geschaffen hat -  Shadow Play  Cataract 3 oder Movement in Squares?;2020;Bewegung in Quadraten;Starre in Kreisen;Fahrt in Kurven;Run auf Hexagons
2727;30.09.2020;Quizfrage;Deutschland;In welchem Land?  Pyramide von Gizeh und die Große Sphinx;2020;Ägypten;Libyen;Marokko;Algerien
2728;01.10.2020;Quizfrage;Deutschland;In welchem Land?   Colosseum;2020;Italien;Spanien;USA;Kanada
2729;02.10.2020;Quizfrage;Deutschland;In welchem Land?   Angkor Wat;2020;Kambodscha;Laos;Vietnam;China
2730;03.10.2020;Quizfrage;Deutschland;In welchem Land?   Statue of Liberty;2020;USA;Kanada;Kolumbien;Chile
2731;04.10.2020;Quizfrage;Deutschland;In welchem Land?   Sydney Hafenbrücke;2020;Australien;Neuseeland;Guinea;Senegal
2732;05.10.2020;Quizfrage;Deutschland;In welchem Land?   Taj Mahal;2020;Indien;Pakistan;Nepal;China
2733;06.10.2020;Quizfrage;Deutschland;In welchem Land?   Juche Tower;2020;Nordkorea;Südkorea;Japan;Vietnam
2734;07.10.2020;Quizfrage;Deutschland;In welchem Land?   Wassertürme;2020;Kuwait;Scharjah;Dubai;Bahrain
2735;08.10.2020;Quizfrage;Deutschland;In welchem Land?   Azadi-Denkmal;2020;Iran;Irak;Sudan;Jemen
2736;09.10.2020;Quizfrage;Deutschland;In welchem Land?   Stonehenge;2020;Vereinigtes Königreich;USA;VAE;DDR
2737;10.10.2020;Quizfrage;Deutschland;Welches Jahr? Erste Universität in Bologna  Italien gegründet;2020;1088;1220;1502;990
2738;11.10.2020;Quizfrage;Deutschland;Welches Jahr? Das Ende des Ersten Weltkriegs;2020;1918;1914;1930;1945
2739;12.10.2020;Quizfrage;Deutschland;Welches Jahr? Erste Verhütungspille für Frauen;2020;1960;1950;1970;1980
2740;13.10.2020;Quizfrage;Deutschland;Welches Jahr? William Shakespeare wird geboren;2020;1564;1465;1354;1620
2741;14.10.2020;Quizfrage;Deutschland;Welches Jahr? Erste Verwendung von modernem Papier;2020;105;200 vor Christus;5000 vor Christus;1520
2742;15.10.2020;Quizfrage;Deutschland;Welches Jahr? Das kommunistische China wurde gegründet;2020;1949;1945;1920;1908
2743;16.10.2020;Quizfrage;Deutschland;Welches Jahr? Martin Luther startet die Reformation;2020;1517;1540;1620;1472
2744;17.10.2020;Quizfrage;Deutschland;Welches Jahr? Das Ende des Zweiten Weltkriegs;2020;1945;1949;1944;1947
2745;18.10.2020;Quizfrage;Deutschland;Welches Jahr? Dschingis Khan beginnt seine Eroberung Asiens;2020;1206;1320;1405;1492
2746;19.10.2020;Quizfrage;Deutschland;Welches Jahr? Die Geburt Buddhas;2020;486 vor Christus;586 vor Christus;686 vor Christus;800 vor Christus
2747;20.10.2020;Quizfrage;Deutschland;Was war der erste Bond-Film  der 1962 mit Sean Connery auf der Leinwand erschien und 007 spielte?;2020;Dr. No;From russia with love;Moonraker;Never say never again
2748;21.10.2020;Quizfrage;Deutschland;Wie viele Bond-Filme hat Roger Moore als 007 gezeigt? Eine Auswahl: Leben und sterben lassen, Der Mann mit dem goldenen Colt,Der Spion, der mich liebte,Moonraker,In tödlicher Mission,Octopussy,Im Angesicht des Todes,Casino Royale;2020;7;8;6;5
2749;22.10.2020;Quizfrage;Deutschland;In welchem Bond-Film erschien die Figur Tee Hee 1973?;2020;Leben und sterben lassen;Moonraker;Goldfinger;Dr. No
2750;23.10.2020;Quizfrage;Deutschland;Welcher Bond-Film wurde 2006 veröffentlicht?;2020;Casino Royale;Moonraker;Goldfinger;Octopussy
2751;24.10.2020;Quizfrage;Deutschland;Welcher Schauspieler spielte Jaws und machte zwei Bond-Auftritte in The Spy who Loved Me und Moonraker?;2020;Richard Kiel;Richard Marx;Karl Marx;Richard und sein Mädel
2752;25.10.2020;Quizfrage;Deutschland;Richtig (1) oder falsch (0): Die Schauspielerin Halle Berry erschien 2002 im Bond-Film Die Another Day mit der Figur Jinx?;2020;1;0;;
2753;26.10.2020;Quizfrage;Deutschland;In welchem Bond-Film von 1985 erschien ein Luftschiff mit den Worten  Zorin Industries auf der Seite?;2020;A View to a Kill;Moonraker;Casino Royale;Octopussy
2754;27.10.2020;Quizfrage;Deutschland;Können Sie den Bond-Bösewicht im Film From Russia with Love von 1963 nennen? Sie wurde von Tatiana Romanova erschossen und von der Schauspielerin Lotte Lenya gespielt.;2020;Rosa Klebb;Pink Klebb;Rot Klebb;Blue Klebb
2755;28.10.2020;Quizfrage;Deutschland;Welcher Schauspieler war James Bond vor Daniel Craig und drehte vier Filme als 007?;2020;Pierce Brosnan;Sean Connery;George Lazenby;Tony Curtis
2756;29.10.2020;Quizfrage;Deutschland;Welcher Schauspieler spielte Bond im Geheimdienst Ihrer Majestät  seinem einzigen Bond-Auftritt?;2020;George Lazenby;Sean Connery;Pierce Brosnan;Daniel Craig
2757;30.10.2020;Quizfrage;Deutschland;Welches Brettspiel besteht aus 40 Plätzen mit 28 Grundstücken  vier Eisenbahnen  zwei Versorgungsunternehmen  drei Zufallsfeldern  drei Gemeinschaftsbrustplätzen  einem Luxussteuerraum  einem Einkommenssteuerraum und den vier Eckfeldern: GO  Gefängnis  ko;2020;Monopoly;Risiko;Fang den Hut;Scrabble
2758;31.10.2020;Quizfrage;Deutschland;Welches Brettspiel wurde 1998 von Whit Alexander und Richard Tait entwickelt  es ist ein Party-Brettspiel  das auf Ludo basiert;2020;Schädel;Hirn;Schulter;Arm
2760;02.11.2020;Quizfrage;Deutschland;Welches Brettspiel wird durch die Fähigkeit eines Spielers bestimmt  allgemeines Wissen und Fragen der Populärkultur zu beantworten  ein Spiel  das 1979 entwickelt wurde?;2020;Trivial Pursuit;Risiko;Fang den Hut;MauMau
2761;03.11.2020;Quizfrage;Deutschland;Wie groß ist das Raster bei einem Scrabble-Spiel - 15 x 15  16 x 16 oder 17 x 17?;2020;15 x 15;20 x 20;10 x 10;22 x 22
2762;04.11.2020;Quizfrage;Deutschland;Wie viele Personen können maximal eine Mausefalle spielen - zwei  vier oder sechs?;2020;Vier;fünf;sechs;sieben
2763;05.11.2020;Quizfrage;Deutschland;In welchem Spiel musst du mit den Flusspferden so viele Murmeln wie möglich sammeln?;2020;Hungrige hungrige Flusspferde;Hippomania;Standt Land Fluss;Happy Hippos
2764;06.11.2020;Quizfrage;Deutschland;Können Sie das Spiel nennen  das die Reisen einer Person durch ihr Leben simuliert  vom College bis zum Ruhestand  mit Jobs  Ehen und Kindern (oder nicht) auf dem Weg. Zwei bis sechs Spieler können an einem Spiel teilnehmen?;2020;Das Spiel des Lebens;Risiko;Monopoly;Halma
2765;07.11.2020;Quizfrage;Deutschland;Wie viele Weihnachtsbäume werden in Deutschland pro Jahr verkauft?;2020;Etwa 30 Millionen;Etwa 80 Millionen;Etwa 2 Millionen;Etwa 1 Million
2766;08.11.2020;Quizfrage;Deutschland;Wie viele Liter Bier werden in Deutschland pro Kopf jährlich getrunken?;2020;100;200;300;400
2767;09.11.2020;Quizfrage;Deutschland;Wie lang ist der Begattungsapparat der 15 cm langen Bananenschnecke?;2020;Circa 80 cm,  das entspricht 550 Prozent der Körpergröße;Circa 15 cm,  das entspricht der Körpergröße;Circa 45 cm,  das entspricht 300 Prozent der Körpergröße;Circa 2.40m,  das entspricht 3000 Prozent der Körpergröße
2768;10.11.2020;Quizfrage;Deutschland;Wie viele Buchstaben hat das hawaiianische Alphabet?;2020;12;24;36;48
2769;11.11.2020;Quizfrage;Deutschland;Wie viele Einkerbungen hat ein Golfball?;2020;336;256;412;380
2770;12.11.2020;Quizfrage;Deutschland;Im Laufe eines 60 Jährigen Lebens hat ein Mann durchschnittliche wie lange eine Erektion während er schläft?;2020;5 Jahre;6 Jahre;10 Jahre;1 Jahr
2771;13.11.2020;Quizfrage;Deutschland;Wie lange dauert der 30-jährige Krieg?;2020;30 Jahre;28 Jahre;32 Jahre;33 Jahre
2772;14.11.2020;Quizfrage;Deutschland;Einige Monate haben 30  einige 31 Tage. Wie viele haben 28 Tage?;2020;12;6;7;8
2773;15.11.2020;Quizfrage;Deutschland;Ein Bauer hat 16 Schafe. Fast alle sterben  außer 9. Wie viele Schafe bleiben übrig?;2020;9;16;25;7
2774;16.11.2020;Quizfrage;Deutschland;Du hast eine gefüllte Streichholzschachtel und kommst in einen leeren  kalten Raum  in dem sich nur ein Kohleofen  eine Petroleumlampe und ein Kamin steht. Was zündest du zuerst an?;2020;Streichholz;;;
2775;17.11.2020;Quizfrage;Deutschland;Du bist Busfahrer. An der 1. Haltestelle steigen 5 Gäste ein. An der 2. Haltestelle steigen 3 Leute zu und 2 aus. An der 3. Haltestelle steigen 4 ein und 5 aus. Wie alt ist der Busfahrer?;2020;So alt wie Du;;;
2776;18.11.2020;Quizfrage;Deutschland;Was antwortet in allen Sprachen? Was spricht ohne Mund? Was hört ohne Ohren?;2020;Echo;;;
2777;19.11.2020;Quizfrage;Deutschland;Wie nennt man die Steigerung von Buchstabensuppe?;2020;Wörtersee;;;
2778;20.11.2020;Quizfrage;Deutschland;Welche Vögel legen niemals Eier?;2020;Dornenvögel;Hühner;Geier;Adler
2779;21.11.2020;Quizfrage;Deutschland;In welchen Zug passt nur ein Mensch  egal wie man sich anstrengt?;2020;In den Anzug;;;
2780;22.11.2020;Quizfrage;Deutschland;Wie kastriert man einen Kühlschrank?;2020;Tür auf Eier raus Tür zu;;;
2781;23.11.2020;Quizfrage;Deutschland;Was schwimmt in einem See und fängt mit Z an?;2020;Zwei Enten;;;
2782;24.11.2020;Quizfrage;Deutschland;Was ist 12 cm lang und macht dick?;2020;Duplo;;;
2783;25.11.2020;Quizfrage;Deutschland;Wie heißt ein Kölner Gott mit einem Buchstaben?;2020;J (Jott);;;
2784;26.11.2020;Quizfrage;Deutschland;Wo ist der Karpaltunnel?;2020;Knochenrinne der Hand;in Rumänien;an der Ferse;in Sibirien
2785;27.11.2020;Quizfrage;Deutschland;Wie heißt ein Bumerang  der nach dem Werfen nicht zurückkommt?;2020;Holzstock;;;
2786;28.11.2020;Quizfrage;Deutschland;Wer war während des 2. Weltkriegs US-Präsident?;2020;Roosevelt;Nixon;Reagan;Johnsson
2787;29.11.2020;Quizfrage;Deutschland;Was bezeichnet die chemische Formel  C6H12O6 ?;2020;Glucose;Adrenalin;Östrogen;Amphetamin
2788;30.11.2020;Quizfrage;Deutschland;Nenne die 4 Basen der DNA.;2020;Adenin Cytosin Guanin Thymin;Adenin  Cytosin  Guapin  Thymian;Adrenalin  Cytosin  Guavin  Thymin;Atomin Cytosin Guarin Thymin
2789;01.12.2020;Quizfrage;Deutschland;Welcher ist der  rote Planet  unseres Sonnensystems?;2020;Mars;Merkur;Venus;Saturn
2790;02.12.2020;Quizfrage;Deutschland;Wie heißt die Hauptstadt von Burkina Faso?;2020;Ouagadougou;Wakatipi;Umtata;Belifoso
2791;03.12.2020;Quizfrage;Deutschland;Welcher Planet unseres Sonnensystems ist der Sonne am nächsten?;2020;Merkur;Venus;Erde;Mars
2792;04.12.2020;Quizfrage;Deutschland;Welches ist die einzige Region Frankreichs  in der für Züge Rechtsverkehr gilt?;2020;Elsass-Lothringen;Provence;Camargue;Toskana
2793;05.12.2020;Quizfrage;Deutschland;Welches Land ist flächenmäßig das zweitgrößte der Erde?;2020;Kanada;Russland;Antarktis;Australien
2794;06.12.2020;Quizfrage;Deutschland;In welcher Stadt wurden die Olympischen Spiele 2000 ausgetragen?;2020;Sydney;Broome;Darwin;Alice Springs
2795;07.12.2020;Quizfrage;Deutschland;Welches ist das einzige deutsche Bundesland  in dem keine kreisfreie Stadt existiert?;2020;Saarland;Sachsen;Bayern;Schleswig Holstein
2796;08.12.2020;Quizfrage;Deutschland;Welcher ist der längste Fluss der Welt?;2020;Amazonas;Nil;Rhein;Mississippi
2797;09.12.2020;Quizfrage;Deutschland;Welches ist die größte Stadt der Welt?;2020;Mexiko-Stadt;New York;Beijing;Dubai
2798;10.12.2020;Quizfrage;Deutschland;Welche Farbe hat das Blut von Perlbooten?;2020;Blau;rot;grün;gelb
2799;11.12.2020;Quizfrage;Deutschland;Wie heißt die Hauptstadt von Brasilien?;2020;Brasilia;Rio de Janeiro;Recife;Amazonas
2800;12.12.2020;Quizfrage;Deutschland;Aus wie vielen Kräuter ist Jägermeister gemacht?;2020;56;20;33;45
2801;13.12.2020;Quizfrage;Deutschland;Wie viele Knochen hat ein Erwachsenenkörper?;2020;206;220;240;180
2802;14.12.2020;Quizfrage;Deutschland;Wie lange hat Goethe an seinem  Faust  gearbeitet?;2020;64 Jahre;1 Jahr;32 Jahre;100 Jahre
2803;15.12.2020;Quizfrage;Deutschland;Wie viele Tasten hat ein Klavier?;2020;88;90;102;105
2804;16.12.2020;Quizfrage;Deutschland;Mit wie vielen Figuren startet ein Schachspiel?;2020;32;40;30;24
2805;17.12.2020;Quizfrage;Deutschland;Wie heißt das Element Gold auf Latein?;2020;Aurum;Argentum;Goldum;Auralis
2806;18.12.2020;Quizfrage;Deutschland;Welcher ehemalige US-Präsident war früher Schauspieler?;2020;Ronald Reagan;Jimmy Carter;Barrack Obama;George Bush jr
2807;19.12.2020;Quizfrage;Deutschland;Wie hoch hängt ein Basketball-Korb?;2020;3.05 Meter;4 Meter;2.2 Meter;5 Meter
2808;20.12.2020;Quizfrage;Deutschland;Was ist die Judikative?;2020;Die rechtsprechende Institution im Staat;Die Staatsanwaltschaft;Das Bundesverfassungsgericht;Der Verteidiger
2810;22.12.2020;Quizfrage;Deutschland;Wen beten Buddhisten an?;2020;Niemanden;Buddha;Shakira;Ganesha
2811;23.12.2020;Quizfrage;Deutschland;Wie viele Nieren hat ein Mensch?;2020;2;1;3;4
2812;24.12.2020;Quizfrage;Deutschland;Wie viele Bandscheiben hat ein Mensch?;2020;23;12;40;18
2813;25.12.2020;Quizfrage;Deutschland;Wie viele Planeten hat unser Sonnensystem? Achtung! Pluto ist ein Zwergplanet.;2020;9;8;10;12
2814;26.12.2020;Quizfrage;Deutschland;Nach welcher Zeit feiert man die  Petersilienhochzeit ?;2020;Nach 12 1/2 Jahren;Nach 15 Jahren;Nach 25 Jahren;Nach 50 Jahren
2815;27.12.2020;Quizfrage;Deutschland;In welchem Jahr war die Einführung des Euro?;2020;2002;2001;2000;1989
2816;28.12.2020;Quizfrage;Deutschland;Was wird durch Antibiotika bekämpft?;2020;Bakterien;Viren;Pilze;Würmer
2817;29.12.2020;Quizfrage;Deutschland;Wie werden die Nachkommen einer Kreuzung aus Tigern und Löwen genannt?;2020;Liger;Töwe;Eledil;Krokofant
2818;30.12.2020;Quizfrage;Deutschland;Woraus besteht ein Diamant?;2020;Aus Kohlenstoff;Aus Wasserstoff;Aus Wasserstoffsuperoxid;Aus Basaltgestein
2819;31.12.2020;Quizfrage;Deutschland;Wer hat die Guillotine erfunden?;2020;Joseph-Ignace Guillotin;Joshua Guilette;Francois Guillotine;Jaques Robespierre
2939;02.01.2021;Quizfrage;Deutschland;Wer erfand: Den Druck mit beweglichen Lettern?;2020;Johannes Gutenberg;Max von Gutenberg;Theo von Guttenberg;Martin Luther
2940;03.01.2021;Quizfrage;Deutschland;Wer entdeckte: Das Diphtherie-Serum?;2020;Emil von Behring;Robert Koch;Marie Curie;Devon Miller
2941;04.01.2021;Quizfrage;Deutschland;Wer entdeckte: Das Dynamit?;2020;Alfred Nobel;Max Dynamit;Karl Knall;Theodor Neu Trevo
2942;05.01.2021;Quizfrage;Deutschland;Wer entdeckte: Das Gesetz des freien Falles?;2020;Galileo Galilei;Georg Kepler;Newton;Wilhelm Tell
2943;06.01.2021;Quizfrage;Deutschland;Wer entdeckte: Daß sich die Planeten um die Sonne bewegen?;2020;Nikolaus Kopernikus;Georg Kepler;Galileo Gelilei;Michelangelo
2944;07.01.2021;Quizfrage;Deutschland;Wer erfand: Das astronomische Fernrohr?;2020;Johannes Kepler;Galileo;Michelangelo;Werner von Heisenberg
2945;08.01.2021;Quizfrage;Deutschland;Wer erfand: Das lenkbare starre Luftschiff?;2020;Ferdinand Graf von Zeppelin;Wilbur Wright;Gebrüder Montgolfiere;Fritz Junker
2946;09.01.2021;Quizfrage;Deutschland;Wer erfand: Den Revolver?;2020;Samuel Colt;Sam Smith;Peter Wesson;Carl Luger
2947;10.01.2021;Quizfrage;Deutschland;Wer erfand: Den Blitzableiter?;2020;Benjamin Franklin;Abraham Lincoln;Peter Ford;John Eisenhower
2948;11.01.2021;Quizfrage;Deutschland;Wer erfand: Die Dampfmaschine?;2020;James Watt;Robert Bosch;Henry Steam;Jack Ampere
2949;12.01.2021;Quizfrage;Deutschland;Wer erfand: Die Dynamomaschine?;2020;Werner von Siemens;Robert Bosch;Peter von Halske;Werner Telefunken
2950;13.01.2021;Quizfrage;Deutschland;Ab wann wurde Aspirin als Medikament verkauft?;2020;1899;1880;1902;1910
2951;14.01.2021;Quizfrage;Deutschland;Für welche Entdeckung ist Albert Einstein berühmt?;2020;Relativitätstheorie;Energiegesetz;Unschärferelation;Algorithmus
2952;15.01.2021;Quizfrage;Deutschland;Seit wann gibt es die  Compact Disk?;2020;1983;1990;2000;2002
2953;16.01.2021;Quizfrage;Deutschland;Seit wann gibt es Videotext?;2020;1980;1960;1970;1950
2954;17.01.2021;Quizfrage;Deutschland;Wann wurde mit dem Aufbau des Internets begonnen?;2020;1969;1980;1989;1977
2955;18.01.2021;Quizfrage;Deutschland;Welche lebensrettende Medizin verdanken wir Alexander Flemming?;2020;Peniciilin;Tuberkel;Myozin;Aspirin
2956;19.01.2021;Quizfrage;Deutschland;Wer entdeckte die elektromagnetischen Wellen?;2020;Heinrich Hertz;Robert Bosch;Karl Volt;Heinz Ampere
2957;20.01.2021;Quizfrage;Deutschland;Was ist Kernfusion?;2020;Die Verschmelzung von Atomkernen;Die Spaltung von Atomkernen;Kreuzung zwischen Birne und Apfel;Abfälle bei der Obsternte
2958;21.01.2021;Quizfrage;Deutschland;Unter welchem Markenname ist Acetylsalicylsäure bekannt?;2020;Aspirin;ASSR;Aspik;Asgard
2959;22.01.2021;Quizfrage;Deutschland;Was ist passiert, wenn man sich eine Fraktur zugezogen hat?;2020;Knochenbruch;Quetschung;Zerrung;Auskugelung
2960;23.01.2021;Quizfrage;Deutschland;Welche Berufssparte leistet den  Hippokratischen Eid?;2020;Mediziner;Sanitäter;Geologen;Juristen
2961;24.01.2021;Quizfrage;Deutschland;Welches Tier war 1984 Organspender für das Herz eines Babies?;2020;Pavian;Schimpanse;Orang Utan;Mandrill
2962;25.01.2021;Quizfrage;Deutschland;Wie heißt die Regenbogenhaut des Auges?;2020;Iris;Sabine;Susanne;Maria
2963;26.01.2021;Quizfrage;Deutschland;Wie heißt die Zeit zwischen Ansteckung und Ausbruch einer Krankheit?;2020;Inkubationszeit;Anamnese;Diagnosezeit;Fallout
2964;27.01.2021;Quizfrage;Deutschland;Wie lautet der medizinische Fachausdruck für Zahnfleischschwund?;2020;Paradontose;Paradentose;Parodentose;Parodantose
2965;28.01.2021;Quizfrage;Deutschland;Wie nennt man den unteren Abschluss der menschlichen Wirbelsäule?;2020;Steißbein;Poppes;Beckenknochen;Hüftgelenk
2966;29.01.2021;Quizfrage;Deutschland;Wie nennt man die Schleimhautentzündung von Magen und Dünndarm?;2020;Gastritis;Diarrhoe;Pankreatitis;Darmitis
2967;30.01.2021;Quizfrage;Deutschland;Wozu dienen Barbiturate?;2020;Schlafmittel;Rasierschaum;Haare schneiden;Ohrhaare entfernen
2968;31.01.2021;Quizfrage;Deutschland;Was ist eine Gastritis?;2020;Magenschleimhautentzündung;Lebensmittelvergiftung;Restaurantkette;Erkältung
2969;01.02.2021;Quizfrage;Deutschland;Was macht ein Urologe? Ein Urologe behandelt;2020;Harnwegserkrankungen;Mittelohrendzündungen;Gastritis;nur Frauen
2970;02.02.2021;Quizfrage;Deutschland;Was bedeutet Omphaloskopie?;2020;Nabelschau;Magenspiegelung;Darmspiegelung;Ohrenspiegelung
2971;03.02.2021;Quizfrage;Deutschland;Wie nennt man das Gegengift, das man bei einem Schlangenbiss bekommt?;2020;Serum;Antigen;Antigift;Amöbe
2972;04.02.2021;Quizfrage;Deutschland;Auf wen geht die Bachblütenbehandlung zurück?;2020;Herr Bach (1886-1936);den Eisbach bei München;Bachblüten;Robert Blume
2973;05.02.2021;Quizfrage;Deutschland;In welcher Religion ist der Freitag ein Ruhetag?;2020;Islam;Buddhismus;Christentum;Sintismus
2974;06.02.2021;Quizfrage;Deutschland;Das Wasser welchen Flusses dient den Hindus, um ihre Sünden abzuwaschen?;2020;Ganges;Hindus;Tigris;Euphrat
2975;07.02.2021;Quizfrage;Deutschland;Wie nennt man die Westmauer des jüdischen Tempels in Jerusalem?;2020;Klagemauer;Semitenmauer;Jesusmauer;Jerusalemmauer
2976;08.02.2021;Quizfrage;Deutschland;Welches Haustier wurde in Ägypten als Gott verehrt?;2020;Katze;Hund;Ratte;Adler
2977;09.02.2021;Quizfrage;Deutschland;Wie heißt der Fastenmonat des Islams?;2020;Ramadan;Winterschlussverkauf;Palmyra;Sabbat
2978;10.02.2021;Quizfrage;Deutschland;Wann wird der Fastenmonat des Islams gefeiert?;2020;Im neunten Monat des Mondjahres;Im sechsten Monat des Mondjahres;4 Wochen vor Ostern;nach dem Sommerschlussverkauf
2979;11.02.2021;Quizfrage;Deutschland;Durch wen wurde der Iran 1979 zur  Islamischen Republik gemacht?;2020;Ayatollah Khomeini;Saddam Hussein;Che Guevara;der Schah von Persien
2980;12.02.2021;Quizfrage;Deutschland;Nach welcher Konfession wurde Martin Luther getauft?;2020;Katholisch;Orthodox;evangelisch;Quaker
2981;13.02.2021;Quizfrage;Deutschland;Wie heißt der Versöhnungstag bei den Juden?;2020;Jom Kippur;Mandala;Limpyra;Chanukka
2982;14.02.2021;Quizfrage;Deutschland;Was feiern die Juden am Paschafest?;2020;Den Auszug der Israeliten aus Ägypten;Weihnachten;Ostern;Sommersonnenwende
2983;15.02.2021;Quizfrage;Deutschland;Wann beginnt der Sabbat?;2020;Am Freitag nach Sonnenuntergang;Samstag, 0000 Uhr;Sonntag, 0000 Uhr;Sontag vor Sonnenaufgang
2984;16.02.2021;Quizfrage;Deutschland;Wie heißen die geflochtenen Brote, die am Sabbat gegessen werden?;2020;Challot;Chanukka;Shalom;Shabbat
2985;17.02.2021;Quizfrage;Deutschland;Wie hieß der Sohn Abrahams, der als Stammvater der Muslime gilt?;2020;Ismael;Israel;Isaak;Newton
2986;18.02.2021;Quizfrage;Deutschland;Wie hieß der Sohn Abrahams, der als Stammvater der Juden gilt?;2020;Isaak;Samuel;Aaaron;Jakob
2987;19.02.2021;Quizfrage;Deutschland;Wie heißt das heilige Buch des Islam?;2020;Koran;Bibel;Mandala;Thora
2988;20.02.2021;Quizfrage;Deutschland;Für was ist Uhoura vom Raumschiff Enterprise zuständig?;2020;Kommunikation;Warp-Antrieb;Beamen;Planeten-Transfer
2989;21.02.2021;Quizfrage;Deutschland;Welcher Kinofilm misshandelt einen Apfelkuchen?;2020;American Pie;Eis am Stiel;Shades of Grey;Krachende Lederhosen
2990;22.02.2021;Quizfrage;Deutschland;In welchem Film heißt es:  spiel es noch einmal Sam !;2020;Casablanca;Rabat;Marokko;vom Winde verweht
2991;23.02.2021;Quizfrage;Deutschland;Was ist das Thema Nr. 1 im Film  Eis am Stil;2020;Liebe und Sex;Strandurlaub;eine Eisdiele;die Mafia
2992;24.02.2021;Quizfrage;Deutschland;Ein Edgar Wallace-Krimi mit einem Bogenschützen.;2020;Der grüne Bogenschütze;Der Hexer;Der Dritte Mann;Der Frosch mit der grünen Maske
2993;25.02.2021;Quizfrage;Deutschland;Ein Hitchkock-Klassiker mit Vögeln in der Hauptrolle;2020;Die Vögel;Die Katzen;Die Hunde;Die Ratte
2994;26.02.2021;Quizfrage;Deutschland;Ein Junge lernt einen Ausserirdischen kennen.;2020;ET;Indepencende day;Alien;AI
2995;27.02.2021;Quizfrage;Deutschland;Ein Klassiker: spielt in Wien, in einer Szene ragt eine Hand aus dem Gullideckel.;2020;Der dritte Mann;Tatort;Der Frosch mit der Maske;Jack the Ripper
2996;28.02.2021;Quizfrage;Deutschland;Ein Western mit einer berühmten Titelmelodie (meistens stirbt dann jemand kurz danach);2020;Spiel mir das Lied vom Tod;High Noon;Winnetou;Die sieben Glorreichen
2997;01.03.2021;Quizfrage;Deutschland;Ein Western: die Entscheidung fällt um die Mittagszeit;2020;12 Uhr mittags;Spiel mir das Lied vom Tod;Die sieben Glorreichen;eine Hand voll Erde
2998;02.03.2021;Quizfrage;Deutschland;In welchem Film heißt es:  Aber was, wenn es kein Morgen gibt? Heute gab es nämlich auch keinen.;2020;Und täglich grüßt das Murmeltier;Independence day;das Boot;Nackte Kanone
2999;03.03.2021;Quizfrage;Deutschland;In welchem Film heißt es:  Du Norbert, da hockt ein nackter Hetero auf Deinem Wohnzimmertisch ...;2020;Der bewegte Mann;Rubbeldiekatz;Männergeschichten;Mann o Mann
3000;04.03.2021;Quizfrage;Deutschland;In welchem Film heißt es:  Houston - wir haben ein Problem!;2020;Apollo 13;Apollo 14;Apollo 15;Apollo 11
3001;05.03.2021;Quizfrage;Deutschland;In welchem Film heißt es:  Soch mo, hassu eigentlich Hoore inna Nase?;2020;Das Boot;Otto der Film;Die Herrmanns;Männerherzen
3002;06.03.2021;Quizfrage;Deutschland;In welchem Film heißt es:  Verhaften Sie die üblichen Verdächtigen!;2020;Casablanca;Die Unberechenbaren;Denn Sie wissen nicht was sie tun;Paris Dakar
3003;07.03.2021;Quizfrage;Deutschland;In welchem Film heißt es:  Wie siehst du denn aus? Biste gerannt?;2020;Lola rennt;Lola brennt;Lola pennt;Lola flennt
3004;08.03.2021;Quizfrage;Deutschland;In welchem Film spielte Dustin Hoffmann einen Autisten?;2020;Rain Man;Sun man;Thunder man;Moon man
3005;09.03.2021;Quizfrage;Deutschland;In welcher Stadt an der Riviera finden alljährlich Filmfestspiele statt?;2020;Cannes;Nizza;Marseille;San Germain
3006;10.03.2021;Quizfrage;Deutschland;Mit welchem Film gewann Humphrey Bogart seinen einzigen Oscar?;2020;African Queen;Casablanca;über den Dächern von Nizza;Casino Royale
3007;11.03.2021;Quizfrage;Deutschland;Mit welcher Fernsehserie wurde David Carradine weltberühmt?;2020;Kung Fu;Dracula;Karate;Take wan do
3008;12.03.2021;Quizfrage;Deutschland;Mit welcher Rolle wurde Margareth Rutherford berühmt?;2020;Miss Marple;Mord ist ihr Hobby;die Vögel;Orient Express
3009;13.03.2021;Quizfrage;Deutschland;Unter welchen Namen ist Terry Bollea besser bekannt?;2020;Hulk Hogan;The Rock;Dwayne Johnsson;The Hoover
3010;14.03.2021;Quizfrage;Deutschland;Von welchem Film gab es Fortsetzungen mit den Nummern 2 1/2 und 33 1/3?;2020;Die nackte Kanone;Agent 00 Nix;sehr verdächtig;Der dritte Mann
3011;15.03.2021;Quizfrage;Deutschland;Welche Schauspielerin kann die meisten Oscar-Nominierungen vorweisen?;2020;Katherine Hepburn;Grace Kelly;Audrey Hepburn;Sophia Loren
3012;16.03.2021;Quizfrage;Deutschland;Welchen Beruf hat  Indiana Jones im Film?;2020;Archäologe;Geologe;Anthropologe;Urologe
3013;17.03.2021;Quizfrage;Deutschland;Welcher britische Filmregisseur drehte  Psycho und Die Vögel?;2020;Alfred Hitchcock;Alfred Biolek;Ekel Alfred;Alfred Quack
3014;18.03.2021;Quizfrage;Deutschland;Welcher hübsche Seriendetektiv fährt einen geliehenen Ferrari?;2020;Magnum;Vettel;Rockfort;Schumacher
3015;19.03.2021;Quizfrage;Deutschland;Welcher Tarzan-Darsteller gewann 5 Medaillen bei olympischen Spielen?;2020;Johnny Weißmüller;Hubert Staller;Maximilian Schell;Phil Collins
3016;20.03.2021;Quizfrage;Deutschland;Welcher tierische Kriminalbeamte wurde zum TV-Liebling im deutschsprachigen Raum?;2020;Kommissar Rex;Willy Wuff;Beethoven;Rin Tin Tin
3017;21.03.2021;Quizfrage;Deutschland;Wer führte im Film  Manche mögen's heiß mit Marilyn Monroe Regie?;2020;Billy Wilder;Fred Astaire;Steven Spielberg;Liam Neeson
3018;22.03.2021;Quizfrage;Deutschland;Wer schrieb das Drehbuch, führte Regie und spielte in dem Film Yentl mit?;2020;Barbara Streisand;Grace Kelly;Marylin Monroe;Jodie Foster
3019;23.03.2021;Quizfrage;Deutschland;Wer spielt die Hauptrolle in dem Film  Tootsie?;2020;Dustin Hoffmann;ETA Hoffmann;Hoffmanns Gardinenweiß;Jack Huffman
3020;24.03.2021;Quizfrage;Deutschland;Wer spielte 1938 die Titelrolle in dem Film  Robin Hood, König der Vagabunden?;2020;Eroll Flynn;Liam Neeson;Sting;Rod Stewart
3021;25.03.2021;Quizfrage;Deutschland;Wer spielte die Hauptrolle in den Filmen  Nosferatu und Fitzcaraldo?;2020;Klaus Kinski;Christopher Lee;Bruce Lee;Vlad Dracula
3022;26.03.2021;Quizfrage;Deutschland;Wer spielte die Hauptrolle und führte Regie in  Easy Rider?;2020;Dennis Hopper;Clark Gable;Anthony Hopkins;Eroll Flynn
3023;27.03.2021;Quizfrage;Deutschland;Wer spielte die männliche Hauptrolle im Scheidungsdrama  Kramer gegen Kramer?;2020;Dustin Hoffmann;Peter o Toole;Brad Pitt;Niam Leeson
3024;28.03.2021;Quizfrage;Deutschland;Wer spielte die männlicher Hauptrolle in  Pretty Woman?;2020;Richard Gere;Mark Piston;Carl Brake;Robert Headlight
3025;29.03.2021;Quizfrage;Deutschland;Wer spielte die weibliche Hauptrolle in  Rosemary's Baby?;2020;Mia Farrow;Bette Midler;Jodie Foster;Greta Garbo
3026;30.03.2021;Quizfrage;Deutschland;Wer spielte in  Lawrence von Arabien die Titelrolle?;2020;Peter O Toole;Lorenzo Arab;John Wayne;Orlando Bloom
3027;31.03.2021;Quizfrage;Deutschland;Wer spielte in dem Film  Der mit dem Wolf tanzt die männliche Hauptrolle?;2020;Kevin Kostner;Keanu Reeves;Sting;Dwayne Johnsson
3028;01.04.2021;Quizfrage;Deutschland;Wie heißt das Haus, in dem Pippi Langstrumpf mit ihrem Affen Herr Nielson wohnt?;2020;Villa Kunterbunt;Villa Bullerbü;Villa Riva;Villa Bajo
3029;02.04.2021;Quizfrage;Deutschland;Wie heißt der Assistent von Hauptkommissar Derrick mit Vornamen?;2020;Harry;Stefan;Jörg;Klaus
3030;03.04.2021;Quizfrage;Deutschland;Wie heißt die Ranch der Ewings in der Fernsehserie  Dallas?;2020;Southfork Ranch;Ponderosa Ranch;Dynasty Ranch;Ranch Rover
3031;04.04.2021;Quizfrage;Deutschland;Wie hieß der Westernheld Marion Michael Morrison mit Künstlernamen?;2020;John Wayne;Ronald Reagan;Matt Dillon;Enrico Morricone
3032;05.04.2021;Quizfrage;Deutschland;Wie nennt man die Neuverfilmung eines bereits existierenden Films?;2020;Remake;Copy;Renew;Sequel
3033;06.04.2021;Quizfrage;Deutschland;In welchem Buch jagt Kapitän Ahab einen weißen Wal?;2020;Moby Dick;Moby Duck;Der Wal;Godzilla
3034;07.04.2021;Quizfrage;Deutschland;Nennen Sie vier Filmmonster;2020;Frankenstein, King Kong, Godzilla, Dracula, Alien;Struppi, Rantanplan,Rin tin tin, Beethoven;Schneewittchen, Dornröschen, Cinderella, Schwiegermutter;Willy Wuff, Marley, Lassie, Robodog
3035;08.04.2021;Quizfrage;Deutschland;Welcher deutsche Musiker hat im Film Das Boot mitgespielt?;2020;Herbert Grönemeyer;Udo Jürgens;Roy Black;Tony Marschall
3036;09.04.2021;Quizfrage;Deutschland;Wie heißt der Film in welchem ein Gespenst durch eine amerikanische Millionärstochter erlöst wurde?;2020;Das Gespenst von Canterville;Hui Buh;Der Frosch mit der Maske;Catweezle
3037;10.04.2021;Quizfrage;Deutschland;Wie hieß der Schauspieler der Derrick darstellte?;2020;Horst Tappert;Rainer Hunold;Horst Schimanski;Harry Valerien
3038;11.04.2021;Quizfrage;Deutschland;In welchem Märchen kommt dieses Wort vor: Spindel;2020;Dornröschen;Aschenputtel;Schneewittchen;Wilhelm Tell
3039;12.04.2021;Quizfrage;Deutschland;In welchem Märchen kommt dieses Wort vor: Bär und Falke;2020;Schneeweißchen und Rosenrot;Das doppelte Lottchen;Emil und die Detektive;Sindbad
3040;13.04.2021;Quizfrage;Deutschland;In welchem Märchen kommt dieses Wort vor: Großmutter;2020;Rotkäppchen;Rosenrot;Schneeflittchen;Max und Moritz
3041;14.04.2021;Quizfrage;Deutschland;In welchem Märchen kommt dieses Wort vor: Haselbusch;2020;Aschenputtel;Ascheneimer;Der kleine Muck;Dornröschen
3042;15.04.2021;Quizfrage;Deutschland;In welchem Märchen kommt dieses Wort vor: Kanonenkugel;2020;Münchhausen;Oberhausen;Frankhausen;Frankenstein
3043;16.04.2021;Quizfrage;Deutschland;In welchem Märchen kommt dieses Wort vor: Kater;2020;Der gestiefelte Kater;Garfield;Tom und Jerry;Cats
3044;17.04.2021;Quizfrage;Deutschland;In welchem Märchen kommt dieses Wort vor: Ratten;2020;Rattenfänger von Hameln;Aschenputtel;Schneewittchen;Max und Moritz
3045;18.04.2021;Quizfrage;Deutschland;In welchem Märchen kommt dieses Wort vor: Spiegel;2020;Schneewittchen;Aschenputtel;Alice im Wunderland;Willi Wonka
3046;19.04.2021;Quizfrage;Deutschland;In welchem Märchen kommt dieses Wort vor: Tischlein;2020;Tischlein, deck dich;Suppenkasper;Frau Holle;Rotkäppchen
3047;20.04.2021;Quizfrage;Deutschland;In welchem Märchen kommt dieses Wort vor: Zauberpantoffel;2020;Der kleine Muck;Sindbad;Ali Baba;1001 Nackt
3048;21.04.2021;Quizfrage;Deutschland;In welchem Märchen kommt folgende Textpassage vor: ''Bring das Kind in den Wald, ich will's nicht mehr vor meinen Augen sehen. Du sollst es töten und mir Lunge und Leber zum Wahrzeichen mitbringen ....'';2020;Schneewittchen;Aschenbrödel;Frau Holle;Rotkäppchen
3049;22.04.2021;Quizfrage;Deutschland;"In welchem Märchen kommt folgende Textpassage vor: ''Da bückte es sich damit tief in den Brunnen und wollte sie abwischen; sie sprang ihm aber aus der Hand und fiel in den Brunnen hinab. ''";2020;Frau Holle;Frau Hölle;Holla die Waldfee;Frau Hollo Bollo
3050;23.04.2021;Quizfrage;Deutschland;In welchem Märchen kommt folgende Textpassage vor: ''Die Haustür stand sperrweit auf, alles lag auf dem Boden und alle 7 Kinder waren verschwunden.'';2020;Der Wolf und die sieben Geislein;Wolfgang und die Ziegen;Rotkäppchen;Der gestiefelte Kater
3051;24.04.2021;Quizfrage;Deutschland;In welchem Märchen kommt folgende Textpassage vor: ''Es begab sich aber, dass der König ein Fest ausstellte, das drei Tage dauern sollte und wozu alle schönen Jungfrauen im Lande eingeladen wurden, damit sich sein Sohn eine Braut aussuchen möchte.'';2020;Aschenputtel;Suppenkasper;Frau Holle;Schneewittchen
3052;25.04.2021;Quizfrage;Deutschland;In welchem Märchen kommt folgende Textpassage vor: ''Und wenn es eine gebrochene hatte, meinte es, weiter hinaus stünde eine schönere, und lief danach und geriet immer weiter in den Wald hinein.'';2020;Rotkäppchen;Aschenputtel;Dornröschen;Rosenrot
3053;26.04.2021;Quizfrage;Deutschland;Welcher König, der von einer Prinzessin abgewiesen wurde, bekam sie als Spielmann verkleidet dann doch?;2020;König Drosselbart;Froschkönig;Schrek;Die Schneekönigin
3054;27.04.2021;Quizfrage;Deutschland;Zu welchem Märchen gehört das sprechende Brot?;2020;Frau Holle;Rotkäppchen;Max und Moritz;Schneewittchen
3055;28.04.2021;Quizfrage;Deutschland;Darf man die Schwiegermutter der Frau seines Bruders heiraten?;2020;Nein, das ist die eigene Mutter;Ja, das ist erlaubt;Nein, das ist die eigene Tochter;Nein, das ist die eigene Schwester
3056;29.04.2021;Quizfrage;Deutschland;Höhlen in einem Loch, rate, was ist das?;2020;Handschuh;;;
3057;30.04.2021;Quizfrage;Deutschland;Ich gehe alle Tage aus und bleibe dennoch stets im Haus.;2020;Schnecke;;;
3058;01.05.2021;Quizfrage;Deutschland;Ich habe es nicht, ich mag es auch nicht, hätte ich es aber, dann gäbe ich es um alle Schätze der Welt nicht her.;2020;Auge;;;
3059;02.05.2021;Quizfrage;Deutschland;In welche Gläser kann man am besten einschenken?;2020;In leere;;;
3060;03.05.2021;Quizfrage;Deutschland;In welchem Monat essen die Leute am wenigsten?;2020;Februar;März;Juli;Dezember
3061;04.05.2021;Quizfrage;Deutschland;Mit welchem Fluß kann man sogar Tränen trocknen?;2020;Überfluß;;;
3062;05.05.2021;Quizfrage;Deutschland;Mit welchen Augen kann man nicht sehen?;2020;Hühneraugen;;;
3063;06.05.2021;Quizfrage;Deutschland;Mit welchen Nägeln kann man nicht nageln?;2020;Fingernägel;;;
3064;07.05.2021;Quizfrage;Deutschland;Morgens geht es auf 4, mittags auf 2 und abends auf 3 Füßen.;2020;Der Mensch;;;
3065;08.05.2021;Quizfrage;Deutschland;Wann hat der Mensch so viele Augen wie das Jahr Tage hat?;2020;Am 2. Januar;;;
3066;09.05.2021;Quizfrage;Deutschland;Warum macht der Hahn die Augen zu, wenn er kräht?;2020;Er kennt das Lied;;;
3067;10.05.2021;Quizfrage;Deutschland;Was für Haare hat ein schwarzer Hengst?;2020;Schwarze Haare;;;
3068;11.05.2021;Quizfrage;Deutschland;Was ist schwärzer als der Rabe?;2020;Seine Federn;;;
3069;12.05.2021;Quizfrage;Deutschland;Was hat ein Baby mit gefrorenem Wasser zu tun?;2020;beide können nicht laufen;;;
3070;13.05.2021;Quizfrage;Deutschland;Was ist in der Mitte des Gesichtes?;2020;die Nase;;;
3071;14.05.2021;Quizfrage;Deutschland;Was macht mehr Lärm als ein heulender Hund?;2020;Zwei heulende Hunde;;;
3072;15.05.2021;Quizfrage;Deutschland;Was schlägt ohne Hände?;2020;Die Uhr;;;
3073;16.05.2021;Quizfrage;Deutschland;Welche Zähne bekommt man zuletzt?;2020;Die künstlichen;;;
3074;17.05.2021;Quizfrage;Deutschland;Welche Bilder kann man nur im Dunkeln sehen?;2020;Sternbilder;Abziehbilder;Landschaftsbilder;Nachtbilder
3075;18.05.2021;Quizfrage;Deutschland;Welche Mücken fressen Mücken?;2020;Grasmücken;;;
3076;19.05.2021;Quizfrage;Deutschland;Welche Pferde haben zwei Füße?;2020;Steckenpferde;;;
3077;20.05.2021;Quizfrage;Deutschland;Welche Pillen verordnet kein Arzt?;2020;Pupillen;;;
3078;21.05.2021;Quizfrage;Deutschland;Welcher Stuhl hat keine Beine?;2020;Dachstuhl;;;
3079;22.05.2021;Quizfrage;Deutschland;Welcher Fall tut nicht weh?;2020;Beifall;;;
3080;23.05.2021;Quizfrage;Deutschland;Welcher Ring ist nicht rund?;2020;Hering;;;
3081;24.05.2021;Quizfrage;Deutschland;Welcher Vogel sieht dem Storch am ähnlichsten?;2020;Störchin;;;
3082;25.05.2021;Quizfrage;Deutschland;Welches Auge kann fliegen?;2020;Pfauenauge;;;
3083;26.05.2021;Quizfrage;Deutschland;Welches ist der beste Rat?;2020;Der Vorrat;Der Stadtrat;Der Ratekau;Der Rattan
3084;27.05.2021;Quizfrage;Deutschland;Welches Licht beleuchtet den größten Raum?;2020;Nordlicht;;;
3085;28.05.2021;Quizfrage;Deutschland;Welches Schloß baut man und baut man wiederum nicht ?;2020;Luftschloß;;;
3086;29.05.2021;Quizfrage;Deutschland;Welches Tier hat die Knochen außen und das Fleisch innen?;2020;Krebs;;;
3087;30.05.2021;Quizfrage;Deutschland;Welches Tuch ist nicht aus Stoff?;2020;Hungertuch;;;
3088;31.05.2021;Quizfrage;Deutschland;"Wer es mag, der sagt es nicht; wer es nimmt, der kennt es nicht, wer es kennt, der nimmt es nicht. Was ist das?";2020;Falschgeld;;;
3089;01.06.2021;Quizfrage;Deutschland;Wer geht mit mir baden und wird nicht nass?;2020;Mein Schatten;;;
3090;02.06.2021;Quizfrage;Deutschland;Wer ist gestorben und nicht geboren?;2020;Adam und Eva;;;
3091;03.06.2021;Quizfrage;Deutschland;Wer kann alle Sprachen reden?;2020;Echo;;;
3092;04.06.2021;Quizfrage;Deutschland;Wer lebt vom Rauch?;2020;Schornsteinfeger;;;
3093;05.06.2021;Quizfrage;Deutschland;Wie weit läuft der Hirsch in den Wald hinein?;2020;Bis zur Hälfte, dann läuft er wieder hinaus;;;
3094;06.06.2021;Quizfrage;Deutschland;Wie wird ein Mensch,wenn er ins Rote Meer fällt?;2020;naß;schwer;dick;dünn
3095;07.06.2021;Quizfrage;Deutschland;Wo führen die Flüsse kein Wasser?;2020;Auf der Landkarte;;;
3096;08.06.2021;Quizfrage;Deutschland;Wo sagen Füchse und Hasen einander gute Nacht?;2020;Im Freien;in Buxtehude;in Hameln;im Wohnzimemr
3097;09.06.2021;Quizfrage;Deutschland;Womit fängt der Tag an und hört die Nacht auf?;2020;Mit dem Buchstaben T;;;
3098;10.06.2021;Quizfrage;Deutschland;Womit fängt die Bibel an?;2020;mit der ersten Seite;;;
3099;11.06.2021;Quizfrage;Deutschland;Was ist eine qualifizierte Digitale Signatur?;2020;die PDF-Rechnung trägt eine online prüfbare, zertifizierte Digitale Signatur, Manipulationen lassen sich erkennen;eine eingescannte Unterschrift auf der E-Mail;eine PDF-Rechnung mit eingebetteter Bilddatei mit der Unterschrift des Prokuristen;Ein QR-Code auf dem Handy
3100;12.06.2021;Quizfrage;Deutschland;Welche Vorteile hat es, Rechnungen signiert auszugeben?;2020;Kunden können überprüfen, ob die Rechnung kein Fake ist;Das Porto ist teurer;Man spart keinen Briefumschlag;man spart keinen Toner
3101;13.06.2021;Quizfrage;Deutschland;Welche Ausstattung sollte ein PC oder Notebook heutzutage empfohlenerweise haben?;2020;8 GB RAM, SSD ab 128 GB, mindestens Core i5 Prozessor;4 GB RAM, Festplatte ab 50 GB, mindestens Core2Duo Prozessor;4 GB RAM, Festplatte ab 100 GB, mindestens Core2Quad Prozessor;32 GB RAM, nvm-SSD ab 1 TB, mindestens Core i7 Prozessor
3102;14.06.2021;Quizfrage;Deutschland;Wie können Sie unter Windows 10 kontrollieren, ob die Windows Updates aktuell sind?;2020;Einstellungen/Update und Sicherheit;Systemsteuerung/Windows-Updates;mstsc /update;wuausvc /showupdates
3103;15.06.2021;Quizfrage;Deutschland;Wie setze ich eine Verknüpfung auf dem Allusers Desktop?;2020;c:/users/public/desktop;c:/benutzer/alle_benutzer/desktop;c:/dokumente/benutzer/desktop;c:/daten/öffentlich/desktop
3104;16.06.2021;Quizfrage;Deutschland;Wie lange kann ich Windows 10 Pro Upgrades maximal im Unternehmensnetzwerk verzögern?;2020;1 Jahr;7 Monate;3 Monate;1 Monat
3105;17.06.2021;Quizfrage;Deutschland;Kann ich die Nutzung des Windows Store untersagen?;2020;Ja, indem ich den Windows Store für Business konfiguriere und verwende;Nein, da dann Windows wegen der Apps nicht funktioniert;Ja, über eine Gruppenrichtlinie in Windows 10 (home);Nur am 2. Dienstag im Monat
3106;18.06.2021;Quizfrage;Deutschland;Wann ist der monatliche Windows Patchday;2020;Am zweiten Dienstag im Monat um 1900 MET;Am ersten Mittwoch im Monat;Am dritten Dienstag im Monat;am 15. jedes Monats
3107;19.06.2021;Quizfrage;Deutschland;Welche der folgenden Office Editionen ist käuflich erwerbbar?;2020;Office 2019 Standard;Office 365 apps for Business;Microsoft 365 Home;Office 365 Pro Plus
3108;20.06.2021;Quizfrage;Deutschland;Welche Version darf auf Terminalservern eingesetzt werden?;2020;Microsoft 365 Apps für Enterprise;Microsoft 365 Student;Office 2019 Home & Business;Microsoft 365 Home
3109;21.06.2021;Quizfrage;Deutschland;Excel: Wie heißt das Werkzeug zum Erstellen von dreidimensionalen Auswertungen?;2020;Pivot-Table;Pirol-Table;Pilot-Table;Prolet-Table
3110;22.06.2021;Quizfrage;Deutschland;Wie lautet das Tastenkürzel für Fettdruck (deutsche Version)?;2020;(Strg) und (Hochstellen) und F;(Strg) und (Hochstellen) und B;(Strg) und (Hochstellen) und D;(Strg) und (Hochstellen) und R
3111;23.06.2021;Quizfrage;Deutschland;Powerpoint: Wie können Sie die Vorlage ändern, auf der die Folien basieren;2020;Ansicht, Folienmaster;Ansicht, Notizenmaster;Ansicht, Gliederungsansicht;Extras, Vorlage ändern
3112;24.06.2021;Quizfrage;Deutschland;Wie können Sie aus einem Office-Dokument eine PDF-Datei erzeugen?;2020;Datei, Exportieren, PDF-Dokument erstellen;Extras, PDF-Datei;(Strg) & P, (F) drücken;Ansicht, PDF-Datei
3113;25.06.2021;Quizfrage;Deutschland;Powerpoint: Wie fügen Sie eine weitere Folie (Standard-Layout) in die Präsentation ein;2020;Markierung zwischen die beiden Folien bringen, wo die Neue rein soll, dann (Strg) und M;Strg & N drücken;F3 drücken;Folie markieren, F4 drücken
3114;26.06.2021;Quizfrage;Deutschland;Excel: Wie lautet die Tastenkombination, um für Text innerhalb einer Zelle eine Zeilenschaltung zu setzen?;2020;(Alt) und (Enter);(Strg) und (Enter);(Shift) und (Enter);(Strg) und  (Shift) und (Enter)
3115;27.06.2021;Quizfrage;Deutschland;Wie heisst der F1-Rennfahrer Hamilton mit Vornamen;2020;Louis;George;Jack;John
3116;27.06.2021;Quizfrage;Deutschland;Aus welchen Dateiendungen setzt sich eine Microsoft SQL-Datenbank mindestens zusammen?;2020;MDF, LDF;MDF, RDF, LDF;PDF, NDF;MDB LDB
3117;28.06.2021;Quizfrage;Deutschland;Wie viele Bundesländer hat Deutschland? (ohne Mallorca);2020;16;17;22;11
3118;28.06.2021;Quizfrage;Deutschland;Was verwendet man um chemische Elemente übersichtlich darzustellen?;2020;Periodensystem;Pagodensystem;Elementetabelle;Chemlevelliste
3119;28.06.2021;Quizfrage;Deutschland;Welcher Internet-Konzern wurde von Sergey Brin und Larry Page gegründet?;2020;Google;Microsoft;Facebook;Apple
3120;28.06.2021;Quizfrage;Deutschland;In welcher Stadt leben die Simpsons?;2020;Springfield;Springsteen;Alice Springs;Ducktown
3121;28.06.2021;Quizfrage;Deutschland;Wie viele Milchzähne bekommt ein Kind normalerweise?;2020;20;18;22;24
3122;30.06.2021;Quizfrage;Deutschland;Woraus besteht Bronze?;2020;Kupfer und Zinn;Kupfer und Messing;Nickel und Chrom;Gold und Silber
3123;01.07.2021;Quizfrage;Deutschland;Was bedeutet das Wort Atom fälschlicherweise?;2020;unteilbar;unheilbar;unendlich;unfassbar
3124;11.06.2021;Quizfrage;Deutschland;Wie heißt die Hauptstadt der Slowakei?;2020;Bratislava;Sofia;Prag;Ljubljana
3125;12.06.2021;Quizfrage;Deutschland;Wie viele Zähne hat ein erwachsener Mensch normalerweise?;2020;32;26;30;36
3126;13.06.2021;Quizfrage;Deutschland;Wer wählt den Bundespräsidenten?;2020;Bundesversammlung;Bundeskanzler;Bundestag;Bundesrat
3127;14.06.2021;Quizfrage;Deutschland;Wofür steht die Abkürzung KGaA?;2020;Kommanditgesellschaft auf Aktien;Kreditgesellschaft auf Aktien;Kardinalgesellschaft auf Aktien;Kompetenzgesellschaft auf Aktien
3128;15.06.2021;Quizfrage;Deutschland;Welches dieser Tiere hält keinen Winterschlaf?;2020;Eichhörnchen;Fledermaus;Igel;Siebenschläfer
3129;16.06.2021;Quizfrage;Deutschland;Wie heißt die Hauptstadt von Thüringen?;2020;Erfurt;Magdeburg;Dresden;Potsdam
3130;17.06.2021;Quizfrage;Deutschland;In welcher Einheit wird der elektrische Widerstand gemessen?;2020;Ohm;Volt;Ampere;Watt
3131;18.06.2021;Quizfrage;Deutschland;Was ist ein Oxymoron?;2020;Ein innerer Widerspruch;Ein Versfuß;Eine Wiederholung;Eine Frageform
3132;19.06.2021;Quizfrage;Deutschland;Wofür steht das L im Sender RTL?;2020;Luxenbourg;Liechtenstein;Leipzig;Limburg
3133;20.06.2021;Quizfrage;Deutschland;Was soll Cäsar gesagt haben, als er den Rubikon überquerte?;2020;alea iacta est;veni, vidi, vici;divide et empera;et tu, brute
3134;21.06.2021;Quizfrage;Deutschland;Welche Adresse ist mit Sherlock Holmes verbunden?;2020;221b Baker Street;Downing Street 10;Abbey Road 42;Princess Street 7
3135;22.06.2021;Quizfrage;Deutschland;Wie lautet das chemische Symbol für Blei?;2020;Pb;Bl;Be;Pt
3136;23.06.2021;Quizfrage;Deutschland;Welchen Namen trägt die Universität Frankfurt am Main?;2020;Johann Wolfgang von Goethe;Friedrich Schiller;Bertolt Brecht;Heinrich Heine
3137;24.06.2021;Quizfrage;Deutschland;Was ist ein Sonett?;2020;Eine Gedichtsform;Ein Pilz;Ein Musikinstrument;Eine Stichwaffe
3138;25.06.2021;Quizfrage;Deutschland;An welchem Datum fiel die Berliner Mauer?;2020;09.Nov.89;08.Okt.89;03.Okt.90;02.Nov.90
3139;26.06.2021;Quizfrage;Deutschland;Wer spielt die Hauptrolle im Film - Einer flog über das Kuckucksnest;2020;Jack Nicholson;Robert de Niro;Mel Gibson;Tom Hanks
3140;27.06.2021;Quizfrage;Deutschland;Was ist der zweithöchste Berg Deutschlands?;2020;Hochwanner;Brocken;Watzmann;Zugspitze
3141;28.06.2021;Quizfrage;Deutschland;Wie hoch ist der Mount Everest;2020;8848.86m;8844m;8848m;8888.88m
3142;29.06.2021;Quizfrage;Deutschland;Wie heißt die Hauptstadt des US-Bundestaates Kentucky?;2020;Frankfort;Hamborg;Borlin;Dusseldorf
3143;30.06.2021;Quizfrage;Deutschland;Welches Bundesland ist flächenmäßig das größte?;2020;Bayern;Baden-Würtemberg;Nordrhein-Westfalen;Niedersachsen
3144;01.07.2021;Quizfrage;Deutschland;Welche Stadt hat nach Berlin die meisten Einwohner in Deutschland?;2020;Hamburg;Köln;München;Frankfurt am Main
3145;02.07.2021;Quizfrage;Deutschland;Welcher ist der längste innerdeutsche Fluss?;2020;Rhein;Weser;Elbe;Donau
3146;03.07.2021;Quizfrage;Deutschland;Wie tief ist der Marianengraben?;2020;11.000 Meter;7.000 Meter;9.000 Meter;13.000 Meter
3147;04.07.2021;Quizfrage;Deutschland;Wie viele Einwohner hat Russland ungefähr?;2020;145 Millionen;125 Millionen;135 Millionen;165 Millionen
3148;05.07.2021;Quizfrage;Deutschland;Wie lang ist die Chinesische Mauer (gerundet)?;2020;21.000 Kilometer;18.000 Kilometer;15.000 Kilometer;13.000 Kilometer
3149;06.07.2021;Quizfrage;Deutschland;Der wievielte US-Präsident war Barack Obama?;2020;44.;43.;45.;42.
3150;07.07.2021;Quizfrage;Deutschland;Welche Staatsform hat England?;2020;Parlamentarische Monarchie;Konstitutionelle Monarchie;Absolute Monarchie;Ständige Monarchie
3151;08.07.2021;Quizfrage;Deutschland;Zu welchem Land gehört Grönland politisch?;2020;Dänemark;Norwegen;USA;Island
3152;09.07.2021;Quizfrage;Deutschland;Welche Parteien sind an einer Jamaika-Koalition beteiligt?;2020;CDU, Grüne, FDP;CDU, FPD, Linke;SPD, FPD, Linke;SPD, CDU, Grüne
3153;10.07.2021;Quizfrage;Deutschland;Mit welcher Mehrheit können Verfassungsänderungen beschlossen werden?;2020;Zweidrittel Mehrheit;Einfache Mehrhei;Absolute Mehrheit;Einstimmige Wahl
3154;11.07.2021;Quizfrage;Deutschland;Wer war Ministerpräsident in Mecklenburg-Vorpommern im Oktober 2020?;2020;Manuela Schwesig;Volker Bouffier;Armin Laschet;Markus Söder
3155;12.07.2021;Quizfrage;Deutschland;In welchem Jahr wurde Queen Elisabeth II zur Königin des Vereinten Königreichs?;2020;1953;1950;1951;1952
3156;13.07.2021;Quizfrage;Deutschland;Wer war der Vater von Queen Elisabeth II?;2020;George VI;Eduard VII;William IV;Henry VIII
3157;14.07.2021;Quizfrage;Deutschland;In welchem Land fand die sogenannte Februarrevolution statt?;2020;Russland;Frankreich;Deutschland;Italien
3158;15.07.2021;Quizfrage;Deutschland;Wann wurde die Sowjetunion (UdSSR) aufgelöst?;2020;1991;1993;1994;1996
3159;16.07.2021;Quizfrage;Deutschland;Wie groß ist die Summe der Winkel eines Dreiecks?;2020;180 Grad;45 Grad;90 Grad;360 Grad
3160;17.07.2021;Quizfrage;Deutschland;Wie beginnt die Kreiszahl Pi?;2020;3,1415;2,8485;1,3435;4,6465
3161;18.07.2021;Quizfrage;Deutschland;Was ist eine Primzahl?;2020;Eine Zahl, die nur durch 1 und sich selbst teilbar ist.;Eine Zahl, die nur durch ungerade Zahlen teilbar ist.;Eine Zahl, die keine Teiler hat.;Eine Zahl, die mehr als 5 Teiler hat.
3162;19.07.2021;Quizfrage;Deutschland;Wer schrieb die Harry Potter Bücher?;2020;Joanne K. Rowling;George R.R. Martin;J.R.R. Tolkien;E.L. James
3163;20.07.2021;Quizfrage;Deutschland;Vom wem ist das Buch Effi Briest?;2020;Theodor Fontane;Hermann Hesse;Erich Kästner;Thomas Mann
3164;21.07.2021;Quizfrage;Deutschland;In wessen Büchern heißt die Hauptfigur Robert Langdon?;2020;Dan Brown;Stephen King;Ken Follett;John Grisham
3165;22.07.2021;Quizfrage;Deutschland;Welche(r) Deutsche bekam zuletzt den Literaturnobelpreis?;2020;Herta Müller;Thomas Mann;Günter Grass;Heinrich Böll
3166;23.07.2021;Quizfrage;Deutschland;Liedtext: The club is not the best place to find a lover. So I go to the bar;2020;Ed Sheeran - Form of You;Luis Fonsi - Despacito;Bruno Mars - The way you are;Whitney Houston - I will always love you
3167;24.07.2021;Quizfrage;Deutschland;Liedtext: Yes, you know Ive been looking at you for a while - I have to pull with you today;2020;Luis Fonsi - Despacito;The Chainsmokers & Coldplay - something like that;Maroon 5 - Moves like Jagger;Usher - Yes!
3168;25.07.2021;Quizfrage;Deutschland;Liedtext: Ive read old books - The legends and the myths;2020;The Chainsmokers & Coldplay - something like that;Adele - Light the rain;Lorde - Royals;Twenty-one pilots - stressed out
3169;26.07.2021;Quizfrage;Deutschland;Liedtext: Im dropping it, my heart - And when it fell, you stood up to claim it;2020;Adele - Light the rain;Mark Ronson - Uptown Funk;Timbaland - Sorry;Timbaland - Sorry
3170;27.07.2021;Quizfrage;Deutschland;Liedtext: This hit, this ice cold - Michelle Pfeiffer, this white gold;2020;Mark Ronson - Uptown Funk;LMFAO - Party Rock Hymn;Kanye West - Gold Miner;thrift store 47. Idina Menzel - let it go
3171;28.07.2021;Quizfrage;Deutschland;Liedtext: Party rock is in the house tonight - everyone is just having a good time;2020;LMFAO - Party Rock Hymn;John Lennon - Imagine;KeSha - TiK ToK;The Weeknd - Blinding Lights
3172;29.07.2021;Quizfrage;Deutschland;Liedtext: Imagine there is no heaven - its easy if you try;2020;John Lennon - Imagine;Nirvana - Smells like Teen Spirit;Bee Gees - Stay Alive;The Chainsmokers & Coldplay - something like that
3173;30.07.2021;Quizfrage;Deutschland;Liedtext: Load up guns, bring your friends - Its fun to lose and pretend;2020;Nirvana - Smells like Teen Spirit;Bob Dylan - Like a Rolling Stone;Black Eyed Peas - Boom Boom Pow;The chain smokers - closer
3174;31.07.2021;Quizfrage;Deutschland;Liedtext: Once upon a time you dressed so well - Throw your butt into your flower, dont you?;2020;Bob Dylan - Like a Rolling Stone;Maroon 5 - Girl like you;Whitney Houston - I will always love you;Sinead OConnor - Nothing compares 2U.
3175;01.08.2021;Quizfrage;Deutschland;Liedtext: Spent 24 hours - I need more hours with you;2020;Maroon 5 - Girl like you;Oasis - Dont look back angry;Alicia Keys - Nobody;Shakira - hips dont lie
3176;02.08.2021;Quizfrage;Deutschland;Liedtext: Slip into your minds eye - Dont you know that you could find it?;2020;Oasis - Dont look back angry;Radiohead - Creep;Robin Thicke - Blurred Lines;Robin Thicke - Blurred Lines
3177;03.08.2021;Quizfrage;Deutschland;Liedtext: When you were here before - Couldnt look yourself in the eye;2020;Radiohead - Creep;Maroon 5 - Sugar;Carly Rae Jepsen - Maybe Call Me;Rihanna - We Found Love
3178;04.08.2021;Quizfrage;Deutschland;Liedtext: I hurt baby I broke down - I need your love, love, I need it now;2020;Maroon 5 - Sugar;Ed Sheeran - Thinking out loud;Flo Rida - Low;Radiohead - Creep
3179;05.08.2021;Quizfrage;Deutschland;Liedtext: When your legs dont work the way they used to - And I cant blow you off your feet;2020;Ed Sheeran - Thinking out loud;Cyndi Lauper - Girls just want to have fun;Rihanna - We Found Love;Oasis - Dont look back angry
3180;06.08.2021;Quizfrage;Deutschland;"Liedtext: I come home in the morning light - My mother says, ""When will you live your life properly?""";2020;Cyndi Lauper - Girls just want to have fun;Sinead OConnor - Nothing compares 2U.;Bee Gees - How Deep Is Your Love?;Nirvana - Smells like Teen Spirit
3181;07.08.2021;Quizfrage;Deutschland;Liedtext: Its been seven hours and fifteen days since you took your love away;2020;Sinead OConnor - Nothing compares 2U.;Green Day - Wake me up when September ends;Usher - Yes!;Maroon 5 - Sugar
3182;08.08.2021;Quizfrage;Deutschland;Liedtext: Summer has come and gone - The innocent can never last;2020;Green Day - Wake me up when September ends;Lionel Richie - Hello;The chain smokers - closer;Maroon 5 - Moves like Jagger
3183;09.08.2021;Quizfrage;Deutschland;Liedtext: I was alone with you in my head - And in my dreams I kissed your lips a thousand times;2020;Lionel Richie - Hello;Ed Sheeran - Perfect;The Weeknd - Blinding Lights;Maroon 5 - Girl like you
3184;10.08.2021;Quizfrage;Deutschland;Liedtext: I found a love for myself - darling, just dive in;2020;Ed Sheeran - Perfect;Louis Armstrong - La Vie en Rose;Ariana Grande - 7 Rings;Mark Ronson - Uptown Funk
3185;11.08.2021;Quizfrage;Deutschland;Liedtext: Hold me tight and hold me tight - The spell you cast;2020;Louis Armstrong - La Vie en Rose;Coolio - Gangstas Paradise;Lady Gaga - Bad Romance;Macklemore & Ryan Lewis -
3186;12.08.2021;Quizfrage;Deutschland;Liedtext: When I walk through the valley of the shadow of death, I look at my life and find that there isnt much left;2020;Coolio - Gangstas Paradise;Artic Monkeys - Do I want to know?;Katy Perry - Roar;Lukas Graham - 7 years
3187;13.08.2021;Quizfrage;Deutschland;Liedtext: Do you have color in your cheeks? - Do you ever fear that you cant change the type - That stays like a summat in your teeth?;2020;Artic Monkeys - Do I want to know?;Gorillaz - Wohlfühl Inc.;Britney Spears -… baby again;Luis Fonsi - Despacito
3188;14.08.2021;Quizfrage;Deutschland;Liedtext: The city collapses on the back of a camel - They just have to go because they dont know what they are doing;2020;Gorillaz - Wohlfühl Inc.;Bruno Mars - The way you are;Macklemore & Ryan Lewis -;Louis Armstrong - La Vie en Rose
3189;15.08.2021;Quizfrage;Deutschland;Liedtext: Oh, her eyes, her eyes make the stars look like theyre not shining;2020;Bruno Mars - The way you are;Maroon 5 - Moves like Jagger;thrift store 47. Idina Menzel - let it go;Lorde - Royals
3190;16.08.2021;Quizfrage;Deutschland;Liedtext: Just shoot for the stars when it feels right - And aim at my heart when you feel like it;2020;Maroon 5 - Moves like Jagger;Lorde - Royals;Lukas Graham - 7 years;LMFAO - Party Rock Hymn
3191;17.08.2021;Quizfrage;Deutschland;Liedtext: Ive never seen a diamond in the flesh - I cut my teeth on wedding rings in the film;2020;Lorde - Royals;Timbaland - Sorry;Shakira - hips dont lie;Lionel Richie - Hello
3192;18.08.2021;Quizfrage;Deutschland;Liedtext: Im holding onto your rope - Got myself ten feet off the ground;2020;Timbaland - Sorry;Kanye West - Gold Miner;Twenty-one pilots - stressed out;Lady Gaga - Bad Romance
3193;19.08.2021;Quizfrage;Deutschland;Liedtext: It takes my money when I am in need - Yes, it is a small thing indeed;2020;Kanye West - Gold Miner;KeSha - TiK ToK;Ed Sheeran - Form of You;KeSha - TiK ToK
3194;20.08.2021;Quizfrage;Deutschland;Liedtext: Wake up in the morning and you feel like P Diddy - Hey, whats up, girl?;2020;KeSha - TiK ToK;Bee Gees - Stay Alive;Luis Fonsi - Despacito;Katy Perry - Roar
3195;21.08.2021;Quizfrage;Deutschland;Liedtext: Well you can tell by the way I use my walk - Im a man of a woman, no time to talk;2020;Bee Gees - Stay Alive;Black Eyed Peas - Boom Boom Pow;The Chainsmokers & Coldplay - something like that;Kanye West - Gold Miner
3196;22.08.2021;Quizfrage;Deutschland;Liedtext: Must get this - must get this - must get this - must get this this;2020;Black Eyed Peas - Boom Boom Pow;Whitney Houston - I will always love you;Adele - Light the rain;John Lennon - Imagine
3197;23.08.2021;Quizfrage;Deutschland;Liedtext: If I should stay - I would only be in the way;2020;Whitney Houston - I will always love you;Alicia Keys - Nobody;Mark Ronson - Uptown Funk;Green Day - Wake me up when September ends
3198;24.08.2021;Quizfrage;Deutschland;Liedtext: I just want you to be close - where you can stay forever;2020;Alicia Keys - Nobody;Robin Thicke - Blurred Lines;LMFAO - Party Rock Hymn;Gorillaz - Wohlfühl Inc.
3199;25.08.2021;Quizfrage;Deutschland;Liedtext: If you cant hear what Im trying to say - If you cant read from the same page;2020;Robin Thicke - Blurred Lines;Carly Rae Jepsen - Maybe Call Me;John Lennon - Imagine;Flo Rida - Low
3200;26.08.2021;Quizfrage;Deutschland;Liedtext: I threw a wish in the well - Dont ask me, Ill never tell;2020;Carly Rae Jepsen - Maybe Call Me;Flo Rida - Low;Nirvana - Smells like Teen Spirit;Ed Sheeran - Thinking out loud
3201;27.08.2021;Quizfrage;Deutschland;Liedtext: Shawty had them apple bottom jeans (jeans) - Boots with the fur (with the fur);2020;Flo Rida - Low;Rihanna - We Found Love;Bob Dylan - Like a Rolling Stone;Ed Sheeran - Perfect
3202;28.08.2021;Quizfrage;Deutschland;Liedtext: Yellow diamonds in the light - And we stand side by side;2020;Rihanna - We Found Love;Bee Gees - How Deep Is Your Love?;Maroon 5 - Girl like you;Ed Sheeran - Form of You
3203;29.08.2021;Quizfrage;Deutschland;Liedtext: I know your eyes in the morning sun - I feel how you touch me in the pouring rain;2020;Bee Gees - How Deep Is Your Love?;Usher - Yes!;Oasis - Dont look back angry;Cyndi Lauper - Girls just want to have fun
3204;30.08.2021;Quizfrage;Deutschland;Liedtext: Up at the club with my homies trying to get a little VI;2020;Usher - Yes!;The chain smokers - closer;Radiohead - Creep;Coolio - Gangstas Paradise
3205;31.08.2021;Quizfrage;Deutschland;Liedtext: Hey, I was fine before meeting you - I drink too much and thats a problem, but Im fine;2020;The chain smokers - closer;The Weeknd - Blinding Lights;Maroon 5 - Sugar;Carly Rae Jepsen - Maybe Call Me
3206;01.09.2021;Quizfrage;Deutschland;Liedtext: I was Tryna Call - Ive been alone long enough;2020;The Weeknd - Blinding Lights;Ariana Grande - 7 Rings;Ed Sheeran - Thinking out loud;Bruno Mars - The way you are
3207;02.09.2021;Quizfrage;Deutschland;Liedtext: I want it, I have it, I want it, I have it;2020;Ariana Grande - 7 Rings;Lady Gaga - Bad Romance;Cyndi Lauper - Girls just want to have fun;Britney Spears -… baby again
3208;03.09.2021;Quizfrage;Deutschland;Liedtext:  Ra-ra-ah-ah-ah - Roma-roma-ma - Ra Ra;2020;Lady Gaga - Bad Romance;Katy Perry - Roar;Sinead OConnor - Nothing compares 2U.;Bob Dylan - Like a Rolling Stone
3209;04.09.2021;Quizfrage;Deutschland;Liedtext: I bit my tongue and held my breath - afraid of rocking the boat and causing chaos;2020;Katy Perry - Roar;Britney Spears -… baby again;Green Day - Wake me up when September ends;Black Eyed Peas - Boom Boom Pow
3210;05.09.2021;Quizfrage;Deutschland;Liedtext: Oh baby, baby, how should I know something was wrong here?;2020;Britney Spears -… baby again;Macklemore & Ryan Lewis -;Lionel Richie - Hello;Bee Gees - Stay Alive
3211;06.09.2021;Quizfrage;Deutschland;Liedtext: Im going to pop a couple of tags - I only have twenty dollars in my pocket;2020;Macklemore & Ryan Lewis -;thrift store 47. Idina Menzel - let it go;Ed Sheeran - Perfect;Bee Gees - How Deep Is Your Love?
3213;08.09.2021;Quizfrage;Deutschland;Liedtext: When I was seven years old, my mother said to me: Go make friends, or you will be lonely;2020;Lukas Graham - 7 years;Shakira - hips dont lie;Coolio - Gangstas Paradise;Ariana Grande - 7 Rings
3214;09.09.2021;Quizfrage;Deutschland;Liedtext: I never really knew she could dance like that - She makes a man want to speak Spanish;2020;Shakira - hips dont lie;Twenty-one pilots - stressed out;Artic Monkeys - Do I want to know?;Alicia Keys - Nobody
3215;10.09.2021;Quizfrage;Deutschland;Liedtext: I wish I had found better sounds that no one had heard before. I wish I had a better voice that sang better words;2020;Twenty-one pilots - stressed out;Britney Spears -… baby again;Gorillaz - Wohlfühl Inc.;Adele - Light the rain
3216;10.09.2021;Quizfrage;Deutschland;Liedtext: Unter 32-16-8 herrscht Konjunktur…;2020;Spider Murphy Gang - Rosie;Geier Sturzflug - Bruttosozialprodukt;EAV - Sahara;Wolfgang  Petry - Wahnsinn
3217;11.09.2021;Quizfrage;Deutschland;Misspelled Lyrics: Du musst besoffen bestelln - von wem?;2020;Cutting Crew;Producer;Director;Camera Men
3218;12.09.2021;Quizfrage;Deutschland;Misspelled Lyrics: Hol mal die Zange!;2020;Alane von Wes;Dr. Alban - Purify;DJ Bobo Dance;Mike Krüger - Nippelsong
3219;13.09.2021;Quizfrage;Deutschland;Misspelled Lyrics: I got my first real sex dream;2020;Brian Adams - 69;Rod Steward - Missonary;Sting - Spoon;Michael Jackson - Doggy
3220;14.09.2021;Quizfrage;Deutschland;Misspelled Lyrics: Katzendieb!;2020;Nico Santos Rooftop;Helge Schneider Katzenklo;Paul Panzer Katzen dünsten;Musical Cats
